-- phpMyAdmin SQL Dump
-- version 2.11.9.2
-- http://www.phpmyadmin.net
--
-- 主机: 127.0.0.1:3306
-- 生成日期: 2012 年 07 月 20 日 02:07
-- 服务器版本: 5.1.28
-- PHP 版本: 5.2.6

SET SQL_MODE="NO_AUTO_VALUE_ON_ZERO";


/*!40101 SET @OLD_CHARACTER_SET_CLIENT=@@CHARACTER_SET_CLIENT */;
/*!40101 SET @OLD_CHARACTER_SET_RESULTS=@@CHARACTER_SET_RESULTS */;
/*!40101 SET @OLD_COLLATION_CONNECTION=@@COLLATION_CONNECTION */;
/*!40101 SET NAMES utf8 */;

--
-- 数据库: `aqadmintest`
--

-- --------------------------------------------------------

--
-- 表的结构 `adminuser`
--

CREATE TABLE IF NOT EXISTS `adminuser` (
  `adminid` int(10) NOT NULL AUTO_INCREMENT,
  `adminname` char(255) CHARACTER SET utf8 NOT NULL,
  `password` char(32) CHARACTER SET utf8 NOT NULL,
  `purview` text CHARACTER SET utf8 NOT NULL,
  PRIMARY KEY (`adminid`)
) ENGINE=MyISAM  DEFAULT CHARSET=latin1 AUTO_INCREMENT=11 ;

--
-- 导出表中的数据 `adminuser`
--

INSERT INTO `adminuser` (`adminid`, `adminname`, `password`, `purview`) VALUES
(1, 'admin', 'c3284d0f94606de1fd2af172aba15bf3', 'cate,member,thinkNode'),
(10, 'amy', '90b4778cfedd596a22d87d4a020ad9ee', 'cate,topic'),
(9, 'moufei', '14e1b600b1fd579f47433b88e8d85291', '');

-- --------------------------------------------------------

--
-- 表的结构 `cate`
--

CREATE TABLE IF NOT EXISTS `cate` (
  `cid` int(10) unsigned NOT NULL AUTO_INCREMENT,
  `dorder` int(10) unsigned NOT NULL,
  `islist` tinyint(1) unsigned NOT NULL,
  `name` char(30) NOT NULL,
  PRIMARY KEY (`cid`),
  KEY `cid` (`cid`)
) ENGINE=MyISAM  DEFAULT CHARSET=utf8 AUTO_INCREMENT=7 ;

--
-- 导出表中的数据 `cate`
--

INSERT INTO `cate` (`cid`, `dorder`, `islist`, `name`) VALUES
(1, 1, 1, '研究 Research'),
(2, 0, 1, '概况 About us'),
(3, 2, 1, '交流活动 Events'),
(4, 3, 1, '合作 Partners'),
(5, 4, 1, '新闻动态 Press'),
(6, 5, 0, '联系我们 Contact Us');

-- --------------------------------------------------------

--
-- 表的结构 `emaillist`
--

CREATE TABLE IF NOT EXISTS `emaillist` (
  `id` int(10) NOT NULL AUTO_INCREMENT,
  `email` char(60) NOT NULL,
  `dateline` int(10) NOT NULL,
  PRIMARY KEY (`id`)
) ENGINE=MyISAM  DEFAULT CHARSET=utf8 AUTO_INCREMENT=2 ;

--
-- 导出表中的数据 `emaillist`
--

INSERT INTO `emaillist` (`id`, `email`, `dateline`) VALUES
(1, 'aqsmoke@vip.qq.com', 1340622313);

-- --------------------------------------------------------

--
-- 表的结构 `indexlist`
--

CREATE TABLE IF NOT EXISTS `indexlist` (
  `id` int(10) NOT NULL AUTO_INCREMENT,
  `titleUrl` char(120) NOT NULL,
  `title` char(120) NOT NULL,
  `content` text NOT NULL,
  `dateline` int(10) NOT NULL,
  `file` text,
  PRIMARY KEY (`id`)
) ENGINE=MyISAM  DEFAULT CHARSET=utf8 AUTO_INCREMENT=15 ;

--
-- 导出表中的数据 `indexlist`
--

INSERT INTO `indexlist` (`id`, `titleUrl`, `title`, `content`, `dateline`, `file`) VALUES
(11, 'http://www.chinakri.org/index.php?aq=content&tid=76', '“喀什的春天”摄影展在北京隆重举', '2012年6月13日，由喀什市人民政府主办、 喀什市旅游局承办、喀什航空旅游服务有限责任公司和五彩传说（北京）文化艺术有限公司协办的“喀什的春天”摄影展在北京王府井步行街隆重开幕。更多详情...', 0, '0000-00-00'),
(10, 'http://www.chinakri.org/index.php?aq=content&tid=66', '“空中新丝路”喀什论坛成功举行', '2012年4月22日举办的“空中新丝路”喀什论坛上，与会领导与嘉宾们就喀什经济开发区的优惠政策、区位优势，以及旅游文化产业的发展等方面进行了广泛和深入的研讨。更多详情...', 0, '0000-00-00'),
(14, 'fffffffff', 'fffffffffffffffffffff', 'ffffffffffffffffffff', 0, 'http://aqsmoke.cn/aqadmin/attachments/134/148/37/87.jpg');

-- --------------------------------------------------------

--
-- 表的结构 `single`
--

CREATE TABLE IF NOT EXISTS `single` (
  `sid` int(10) unsigned NOT NULL AUTO_INCREMENT,
  `cid` int(10) unsigned NOT NULL,
  `title` char(60) NOT NULL,
  `content` text NOT NULL,
  PRIMARY KEY (`sid`)
) ENGINE=MyISAM  DEFAULT CHARSET=utf8 AUTO_INCREMENT=3 ;

--
-- 导出表中的数据 `single`
--

INSERT INTO `single` (`sid`, `cid`, `title`, `content`) VALUES
(2, 6, '++联系我们', '<h3><span style="font-size:12px;font-family:宋体, simsun">喀什特区战略发展研究院</span></h3><h3><span style="font-size:12px;font-family:宋体, simsun">北京市朝阳区朝阳门外大街22号泛利大厦907</span></h3><h3><span style="font-size:12px;font-family:宋体, simsun">电话：010&nbsp;-&nbsp;65886330</span></h3><h3><span style="font-size:12px;font-family:宋体, simsun">传真：010&nbsp;-&nbsp;65886336</span></h3><h3><span style="font-size:12px;font-family:宋体, simsun">Website:www.chinakri.org</span></h3><p><a href="http://http://maps.google.com/maps?f=q&amp;source=s_q&amp;hl=zh-CN&amp;geocode=&amp;q=北京+泛利大厦&amp;aq=&amp;sll=39.904214,116.407413&amp;sspn=1.411664,2.823486&amp;ie=UTF8&amp;hq=泛利大厦&amp;hnear=中国北京&amp;ll=39.925799,116.423922&amp;spn=0.0441,0.088234&amp;t=m&amp;z=14&amp;vpsrc=0&amp;iwloc=A&amp;cid=15984848143681792214" target="_blank"><img width="520" height="340" src="http://maps.google.com/maps/api/staticmap?center=39.923700454344406,116.43762766220698&amp;zoom=16&amp;size=520x340&amp;maptype=roadmap&amp;markers=39.922927107148595,116.43994283093252&amp;sensor=false" /></a><br style="color:#a7a7a7;font-family:verdana, tahoma, arial, 宋体;font-size:14px;line-height:21px;white-space:normal;background-color:#ffffff;" /></p><p style="border-top-width:0px;border-right-width:0px;border-bottom-width:0px;border-left-width:0px;color:#a7a7a7;font-family:verdana, tahoma, arial, 宋体;font-size:14px;line-height:21px;white-space:normal;background-color:#ffffff;padding:0px;margin-top:0px;margin-bottom:0px;"></p><p style="border-top-width:0px;border-right-width:0px;border-bottom-width:0px;border-left-width:0px;color:#a7a7a7;font-family:verdana, tahoma, arial, 宋体;font-size:14px;line-height:21px;white-space:normal;background-color:#ffffff;padding:0px;margin-top:0px;margin-bottom:0px;"><br /></p><p style="border-top-width:0px;border-right-width:0px;border-bottom-width:0px;border-left-width:0px;color:#a7a7a7;font-family:verdana, tahoma, arial, 宋体;font-size:14px;line-height:21px;white-space:normal;background-color:#ffffff;padding:0px;margin-top:0px;margin-bottom:0px;"><br /></p><p><br /></p><table cellpadding="0" cellspacing="0" class="result" id="1" mu="http://baike.baidu.com/view/4123767.htm" style="border-top-width:0px;border-right-width:0px;border-bottom-width:0px;border-left-width:0px;width:33.7em;table-layout:fixed;font-family:arial;white-space:normal;background-color:#ffffff;font-size:medium;"><tbody><tr><td><br /></td></tr></tbody></table>');

-- --------------------------------------------------------

--
-- 表的结构 `topic`
--

CREATE TABLE IF NOT EXISTS `topic` (
  `tid` int(10) unsigned NOT NULL AUTO_INCREMENT,
  `title` char(60) NOT NULL,
  `content` text NOT NULL,
  `cid` int(10) unsigned NOT NULL,
  `lr` tinyint(1) NOT NULL,
  `shijian` char(30) NOT NULL,
  `laiyuan` char(30) NOT NULL,
  `lianjie` char(100) NOT NULL,
  `status` tinyint(1) NOT NULL DEFAULT '0',
  KEY `tid` (`tid`),
  KEY `cid` (`cid`),
  KEY `status` (`status`)
) ENGINE=MyISAM  DEFAULT CHARSET=utf8 AUTO_INCREMENT=89 ;

--
-- 导出表中的数据 `topic`
--

INSERT INTO `topic` (`tid`, `title`, `content`, `cid`, `lr`, `shijian`, `laiyuan`, `lianjie`, `status`) VALUES
(15, 'PUBLICATION', '<p><br /></p>', 1, 1, '', '', '', 0),
(16, '主要出版物', '<div class="text" style="font-size:12px;color:#666666;line-height:1.8em;font-family:arial, helvetica, sans-serif;white-space:normal;background-color:#ffffff;padding:0px;margin:1em 0px 0px;"><span class="Apple-style-span" style="font-family:times;font-size:medium"><p style="text-indent:32px;font-size:16px;font-weight:normal;font-family:calibri;text-align:left;margin-left:0px;margin-top:0px;margin-bottom:0px;"><span style="font-size:12px;font-family:宋体, simsun;">►</span><span style="font-size:12px;font-family:宋体, simsun;">中国城市低碳行</span><span style="font-size:12px;font-family:宋体, simsun;">-</span><span style="font-size:12px;font-family:宋体, simsun;">喀什站</span></p><p style="text-indent:32px;font-size:16px;font-weight:normal;font-family:calibri;text-align:left;margin-left:0px;margin-top:0px;margin-bottom:0px;"><span style="font-size:12px;font-family:宋体, simsun;">►</span><span style="font-size:12px;font-family:宋体, simsun;">喀什绿色新</span><span style="font-size:12px;font-family:宋体, simsun;">”</span><span style="font-size:12px;font-family:宋体, simsun;">丝</span><span style="font-size:12px;font-family:宋体, simsun;">”</span><span style="font-size:12px;font-family:宋体, simsun;">路</span></p><p style="text-indent:32px;font-size:16px;font-weight:normal;font-family:calibri;text-align:left;margin-left:0px;margin-top:0px;margin-bottom:0px;"><span style="font-size:12px;font-family:宋体, simsun;">►</span><span style="font-size:12px;font-family:宋体, simsun;">喀什特区政策汇编</span></p><p style="text-indent:32px;font-size:16px;font-weight:normal;font-family:calibri;text-align:left;margin-left:0px;margin-top:0px;margin-bottom:0px;"><span style="font-size:12px;font-family:宋体, simsun;">►</span><span style="font-size:12px;font-family:宋体, simsun;">新闻信息</span><span style="font-size:12px;font-family:宋体, simsun;">Newsletter</span></p></span><br /></div>', 1, 2, '', '', '', 0),
(13, 'FUNCTION', '<p><img src="http://www.chinakri.org/aqadmin/attachments/133/431/11/32.png" width="286" height="449" style="width:286px;height:449px;float:none;" border="0" hspace="0" vspace="0" /><br /></p>', 1, 1, '', '', '', 0),
(14, '研究院职能', '<p style="text-indent:2em"><span style="font-family:宋体, simsun;font-size:12px">研究院主要关注五大领域:第一是政策，包括对国家西部开放战略、特区扶持政策等从宏观到微观政策的解读，特区政策的制定、以及针对喀什地区的特点将进行的政策创新；第二是产业，包括特区经济和行业规划、重点发展产业的研究和项目发掘、尤其是在金融服务、旅游文化整合和开发、口岸经济和低碳环保及可再生能源方面；第三是城市品牌，包括喀什城市形象打造、喀什城市品牌的国际化推广；第四是咨询与培训，包括与国家西部开放战略、喀什、喀什专项产业的咨询；第五是国际交流，主要是提升喀什特区在中亚、东南亚、中东和欧美的认知度，并广泛延展国际合作平台，开拓国际合作项目。</span></p><p style="text-indent:2em"><span style="font-family:宋体, simsun;font-size:12px">&nbsp;</span></p><p><span style="font-family:宋体, simsun;font-size:12px">►政策解读，制定和创新</span></p><ul><li><p><span style="font-family:宋体, simsun;font-size:12px">政策解读:&nbsp;解读国务院、国家有关部委、自治区支持喀什特区的有关政策</span></p></li><li><p><span style="font-family:宋体, simsun;font-size:12px">政策制定:&nbsp;制定政策具体实施方案，尤其是特殊税收和招商引资的优惠政策、总部经济的配套政策等一系列政策的研究和实施细则的制定</span></p></li><li><p><span style="font-family:宋体, simsun;font-size:12px">政策创新:&nbsp;追踪和比较国内外特区政策动态，针对喀什的地区特点进行政策创新，以更好的发挥喀什的资源和区位优势</span></p></li></ul><p><span style="font-family:宋体, simsun;font-size:12px">&nbsp;</span></p><p><span style="font-family:宋体, simsun;font-size:12px">►产业研究和规划</span></p><ul><li><p><span style="font-family:宋体, simsun;font-size:12px">特区经济和行业规划</span></p></li><li><p><span style="font-family:宋体, simsun;font-size:12px">第五代城市和流动经济</span></p></li><li><p><span style="font-family:宋体, simsun;font-size:12px">重点发展产业研究和项目挖掘</span></p></li><li><p><span style="font-family:宋体, simsun;font-size:12px">金融服务</span></p></li><li><p><span style="font-family:宋体, simsun;font-size:12px">旅游文化</span></p></li><li><p><span style="font-family:宋体, simsun;font-size:12px">口岸经济</span></p></li><li><p><span style="font-family:宋体, simsun;font-size:12px">低碳环保</span></p></li></ul><p><span style="font-family:宋体, simsun;font-size:12px">&nbsp;</span></p><p><span style="font-family:宋体, simsun;font-size:12px">►特区形象</span></p><ul><li><p><span style="font-family:宋体, simsun;font-size:12px">形象打造及推广</span></p></li><li><p><span style="font-family:宋体, simsun;font-size:12px">媒体战略</span></p></li><li><p><span style="font-family:宋体, simsun;font-size:12px">专题研究报告</span></p></li></ul><p><span style="font-family:宋体, simsun;font-size:12px">&nbsp;</span></p><p><span style="font-family:宋体, simsun;font-size:12px">►咨询与培训</span></p><ul><li><p><span style="font-family:宋体, simsun;font-size:12px">有关喀什专项课题咨询</span></p></li><li><p><span style="font-family:宋体, simsun;font-size:12px">官员与企业培训</span></p></li></ul><p><span style="font-family:宋体, simsun;font-size:12px">&nbsp;</span></p><p><span style="font-family:宋体, simsun;font-size:12px">►国际交流</span></p><ul><li><p><span style="font-family:宋体, simsun;font-size:12px">推动喀什地区在中亚、东南亚和中东、欧美的认知度</span></p></li><li><p><span style="font-family:宋体, simsun;font-size:12px">创立每年一度的国际论坛</span></p></li></ul><p>&nbsp;</p>', 1, 2, '', '', '', 0),
(58, '喀什架设空中丝绸之路 香港至喀什直航首飞成功', '<p style="text-align:left;text-indent:2em">&nbsp;</p><p><img style="float:none" border="0" hspace="0" src="http://www.chinakri.org/aqadmin/attachments/133/506/03/91.jpg" /><br /></p><p><span style="font-size:12px"><span style="color:#000000;font-size:12px" label="明显强调">喀什地委委员、喀什经济开发区党工委书记、喀什市市委书记陈旭光热情欢迎香港喀什直航首飞首批旅客的到来</span></span></p><p><br /></p><p style="text-indent:2em"><span style="font-family:宋体, simsun;font-size:12px">(2012年4月21日，新疆喀什)今晚19时20分，一架搭载110名旅客，由南方航空公司执飞的直航包机,历经6小时45分钟的航程,成功抵达新疆喀什国际机场，标志着香港至喀什直航国际客运包机航线首飞圆满成功。为庆祝直航班机的到来，当晚在喀什国际机场特别举行了隆重的欢迎仪式。喀什地委委员、喀什经济开发区党工委书记、喀什市市委书记陈旭光，喀什地委委员热甫卡提·努热合曼，行署副专员王勇智，行署副秘书长、口岸委主任林宏信，地区旅游局副局长艾尼瓦尔·吐尔逊，以及喀什航空旅游服务有限责任公司董事长范汉熙出席了欢迎仪式，并热情接见来自东南亚及香港地区投资商、驻港旅游行业人士以及香港媒体等首批贵宾旅客代表。</span></p><p style="text-indent:2em"><span style="font-family:宋体, simsun;font-size:12px">作为喀什全面建设国际航空港的重要里程碑，香港-喀什直航航线的开通，不仅体现了喀什市政府积极响应国务院大力发展喀什经济开发区的号召，加大落实喀什特区建设“第五代新城”的战略发展规划；同时，喀什作为中国西部对外的窗口，将发挥国际航空枢纽的区域优势，促进东南亚、中亚、中东乃至欧洲的经济往来，加快喀什特区国际化发展的步伐。</span></p><p style="text-indent:2em"><span style="font-family:宋体, simsun;font-size:12px"></span><span style="font-family:宋体, simsun;font-size:12px">喀什地委书记程振山表示，喀什作为内陆首个国家级经济特区，中国古丝绸之路重镇，率先成功在空中打开了与世界交融的窗口，架设一条“空中丝绸之路”。此举将方便喀什与香港、东南亚地区的双向交流，吸引更多來自世界各地的旅游和投资人士，促进喀什经济和旅游文化产业的发展，为喀什城市建设和现代服务业发展起到积极推动作用。</span></p><p style="text-indent:2em"><span style="font-family:宋体, simsun;font-size:12px"></span><span style="font-family:宋体, simsun;font-size:12px">此次香港-喀什直航航线的成功首飞，是落实之前2012年3月23日喀什市人民政府与中国南方航空股份有限公司签署的《香港-喀什直航包机首航计划战略合作协议》的首个成果。据了解，未来南航还将开通新疆内陆更多城市之间的新航线。喀什作为贯通南北、连通东西的国际枢纽，将进一步促进新疆自治区特色历史文化的对外交流，同时，也将引入国际更多先进经验和合作资本，推动中国西部地区的经济的快速发展。</span></p><p><span style="font-family:宋体, simsun;font-size:12px"><br /></span></p><p><span style="font-size:12px"><span style="color:#3399cc;font-size:12px" label="明显强调">&nbsp;</span></span><img style="float:none" border="0" hspace="0" src="http://www.chinakri.org/aqadmin/attachments/133/506/05/47.jpg" /></p><p><span style="color:#000000;font-size:12px">喀什市委市政府相关领导与香港喀什直航首飞航班的首批贵宾旅客合影留念</span></p><p><br /></p><p><img style="float:none" border="0" hspace="0" src="http://www.chinakri.org/aqadmin/attachments/133/506/05/78.jpg" /><br /></p><p><span style="font-size:12px"><span style="color:#000000;font-size:12px" label="明显强调">香港喀什直航首飞班机落地新疆喀什国际机场，款款对接廊桥停机位</span></span></p><p><span style="font-size:12px"><span style="color:#000000;font-size:12px" label="明显强调"></span></span>&nbsp;</p><p style="text-indent:2em"><span style="font-size:12px"><span style="color:#000000;font-size:12px" label="明显强调"></span></span><span style="font-family:宋体, simsun;font-size:12px"><span style="font-family:宋体, simsun;color:#000000;font-size:12px" label="强调"></span></span></p><p style="text-indent:2em"><span style="font-family:宋体, simsun;font-size:12px"><span style="font-family:宋体, simsun;color:#000000;font-size:12px" label="强调">背景资料：</span></span></p><p style="text-indent:2em"><span style="font-family:宋体, simsun;font-size:12px"><span style="font-family:宋体, simsun;color:#000000;font-size:12px" label="强调"></span></span><span style="font-family:宋体, simsun;font-size:12px">喀什具有开通国际航线、发展旅游业的独特优势。喀什周边与巴基斯坦、塔吉克斯坦、阿富汗、吉尔吉斯斯坦、印度等八个国家接壤或毗邻，有五个口岸对外开放，具有“五口（岸）通八国、一路连欧亚”的区位优势，是我国向西开放的桥头堡和通往中亚、南亚、中东乃至欧洲的国际大通道。从喀什机场为核心的1000公里半径内，可直达五个国家的首都，可成为欧洲游客进入中国的第一站，也可成为内地及东南亚国家游客赴欧洲旅游和商务活动的重要通道。</span></p><p style="text-indent:2em"><span style="font-family:宋体, simsun;font-size:12px"></span><span style="font-family:宋体, simsun;font-size:12px">喀什机场具备起降国际航班、发展空港经济的基础和条件。喀什国际机场是新疆第二大航空港，也是新疆第二大机场口岸，于2005年实现对外开放，飞行区等级为4E，可供波音747－400以下机型起降，现已开通喀什至乌鲁木齐、济南、上海、广州、成都、北京的国内客运航线和喀什至伊斯兰堡的国际货运航线。近期，喀什地区筹资3000多万元，促成机场消防等级由6级提升为9级，相关设备到位后，将具备起降国际大型客运航班的条件。同时，还将机场及其周边地区纳入喀什经济开发区规划，发展空港经济，使之成为助推喀什经济开发区腾飞的重要引擎。</span></p><p>&nbsp;</p>', 5, 1, '2012年4月21日', '', '', 0),
(30, 'EVENTS', '<p><br /></p>', 3, 1, '', '', '', 0),
(31, '交流活动', '<p style="text-align:left;text-indent:2em;font-family:calibri;font-size:16px;font-weight:normal;margin-top:0px;margin-bottom:0px;margin-left:0px;"><span style="font-family:宋体, simsun;font-size:12px">自喀什战略研究院成立以来，认真贯彻落实《中共中央国务院关于推进新疆跨越式发展和长治久安的意见》，针对喀什的地区特点，结合国家西部开放战略，不断进行特区经济规划，产业研究和项目发掘，在金融服务、旅游文化整合、开发口岸经济和低碳环保及可再生能源方面取得了有效的进展。</span></p><p style="text-align:left;text-indent:2em;font-family:calibri;font-size:16px;font-weight:normal;margin-top:0px;margin-bottom:0px;margin-left:0px;"><span style="font-family:宋体, simsun;font-size:12px"></span><span style="font-family:宋体, simsun;font-size:12px">为了进一步加快喀什城市的发展步伐，提升国际化的品牌形象，喀什战略发展研究院积极开展各种学术交流活动，开拓国际合作项目，努力搭建具有国际化的交流平台，有效的促进了喀什的经济产业发展，并向世界展示了这座西域古城未来的巨大发展潜力。</span></p>', 3, 2, '', '', '', 0),
(32, 'PARTNERS', '<p><span class="Apple-style-span" style="color:#a7a7a7;font-family:verdana, tahoma, arial, 宋体;font-size:14px"></span></p><p style="border-top-width:0px;border-right-width:0px;border-bottom-width:0px;border-left-width:0px;padding:0px;margin:0px;"><a href="http://www.xjb.cas.cn/" style="text-decoration:none;"><img src="http://www.chinakri.org/static/images/img30.jpg" style="border-top-width:0px;border-right-width:0px;border-bottom-width:0px;border-left-width:0px;padding:0px;margin:0px;" />&nbsp;</a></p><p style="border-top-width:0px;border-right-width:0px;border-bottom-width:0px;border-left-width:0px;padding:0px;margin:0px;"><a href="http://www.theclimategroup.org.cn/" style="text-decoration:none;"><img src="http://www.chinakri.org/static/images/img31.jpg" style="border-top-width:0px;border-right-width:0px;border-bottom-width:0px;border-left-width:0px;padding:0px;margin:0px;" /></a></p><p><a href="http://www.theclimategroup.org.cn/" style="text-decoration:none;"></a></p><p style="border-top-width:0px;border-right-width:0px;border-bottom-width:0px;border-left-width:0px;padding:0px;margin:0px;"><a href="http://www.theclimategroup.org.cn/" style="text-decoration:none;"></a><a href="http://ent.ifeng.com/5wccs/" style="text-decoration:none;"><img src="http://www.chinakri.org/static/images/img32.jpg" style="border-top-width:0px;border-right-width:0px;border-bottom-width:0px;border-left-width:0px;padding:0px;margin:0px;" />&nbsp;</a></p><p style="border-top-width:0px;border-right-width:0px;border-bottom-width:0px;border-left-width:0px;padding:0px;margin:0px;"><a href="http://www.chinakri.org/cooperation.html" style="text-decoration:none;"><img src="http://www.chinakri.org/static/images/img33.jpg" style="border-top-width:0px;border-right-width:0px;border-bottom-width:0px;border-left-width:0px;padding:0px;margin:0px;" /></a></p><p style="border-top-width:0px;border-right-width:0px;border-bottom-width:0px;border-left-width:0px;padding:0px;margin:0px;"><span class="Apple-style-span" style="color:#a7a7a7;font-family:verdana, tahoma, arial, 宋体;font-size:14px"><a href="http://www.discoverkashgar.com/" style="text-decoration:none;"><img src="http://www.chinakri.org/static/images/img36.jpg" style="border-top-width:0px;border-right-width:0px;border-bottom-width:0px;border-left-width:0px;padding:0px;margin:0px;" /></a></span></p><p><a href="http://www.chinakri.org/cooperation.html" style="text-decoration:none;"></a></p><p style="border-top-width:0px;border-right-width:0px;border-bottom-width:0px;border-left-width:0px;padding:0px;margin:0px;"><a href="http://www.chinakri.org/cooperation.html" style="text-decoration:none;"></a><a href="http://www.kdiholdings.com.cn/" style="text-decoration:none;"><img src="http://www.chinakri.org/static/images/img35.jpg" style="border-top-width:0px;border-right-width:0px;border-bottom-width:0px;border-left-width:0px;padding:0px;margin:0px;" /></a></p><p><a href="http://www.kdiholdings.com.cn/" style="text-decoration:none;"></a></p><p style="border-top-width:0px;border-right-width:0px;border-bottom-width:0px;border-left-width:0px;padding:0px;margin:0px;"><a href="http://www.kdiholdings.com.cn/" style="text-decoration:none;"></a><br /></p><p><br /></p><p></p>', 4, 1, '', '', '', 0),
(33, '合作', '<p style="text-indent:32px;font-weight:normal;font-family:calibri;text-align:left;margin-left:0px;margin-top:0px;margin-bottom:0px;"><span style="font-family:宋体, simsun;font-size:12px;">为了有效制定喀什未来发展战略，深入探讨喀什特区的发展方向，为国家西部开放战略提供分析参考，喀什战略发展研究院汇聚国内外各领域研究机构和专业人士，共同为喀什特殊经济开发区的长期、健康、创新、可持续发展作出努力和贡献。</span></p><p style="text-indent:32px;font-weight:normal;font-family:calibri;text-align:left;margin-left:0px;margin-top:0px;margin-bottom:0px;"><span style="font-family:宋体, simsun;font-size:12px;">&nbsp;</span></p><ul style="list-style-type:disc"><li><p style="text-align:left;"><span style="font-family:宋体, simsun;font-size:12px;">理事研究机构</span></p></li></ul><p style="text-indent:32px;font-weight:normal;font-family:calibri;text-align:left;margin-left:0px;margin-top:0px;margin-bottom:0px;"><span style="font-family:宋体, simsun;font-size:12px;">►</span><span style="font-family:宋体, simsun;font-size:12px;">气候组织</span></p><p style="text-indent:32px;font-weight:normal;font-family:calibri;text-align:left;margin-left:0px;margin-top:0px;margin-bottom:0px;"><span style="font-family:宋体, simsun;font-size:12px;">►</span><span style="font-family:宋体, simsun;font-size:12px;">法国安盛战略研究中心</span></p><p style="text-indent:32px;font-weight:normal;font-family:calibri;text-align:left;margin-left:0px;margin-top:0px;margin-bottom:0px;"><span style="font-family:宋体, simsun;font-size:12px;">►</span><span style="font-family:宋体, simsun;font-size:12px;">中国科学院新疆分院</span></p><p style="text-indent:32px;font-weight:normal;font-family:calibri;text-align:left;margin-left:0px;margin-top:0px;margin-bottom:0px;"><span style="font-family:宋体, simsun;font-size:12px;">►</span><span style="font-family:宋体, simsun;font-size:12px;">五彩传说民族文化工程</span></p><p style="text-indent:0px;font-weight:normal;font-family:calibri;text-align:left;margin-left:0px;margin-top:0px;margin-bottom:0px;"><span style="font-family:宋体, simsun;font-size:12px;">&nbsp;</span></p><ul style="list-style-type:disc"><li><p style="text-align:left;"><span style="font-family:宋体, simsun;font-size:12px;">2011</span><span style="font-family:宋体, simsun;font-size:12px;">年度喀什特区战略发展研究院杰出贡献奖</span></p></li></ul><p style="text-indent:32px;font-weight:normal;font-family:calibri;text-align:left;margin-left:0px;margin-top:0px;margin-bottom:0px;"><span style="font-family:宋体, simsun;font-size:12px;">►</span><span style="font-family:宋体, simsun;font-size:12px;">深圳市委政策研究室</span></p><p style="text-indent:32px;font-weight:normal;font-family:calibri;text-align:left;margin-left:0px;margin-top:0px;margin-bottom:0px;"><span style="font-family:宋体, simsun;font-size:12px;">►</span><span style="font-family:宋体, simsun;font-size:12px;">深圳市城市规划设计院</span></p><p style="text-indent:32px;font-weight:normal;font-family:calibri;text-align:left;margin-left:0px;margin-top:0px;margin-bottom:0px;"><span style="font-family:宋体, simsun;font-size:12px;">►</span><span style="font-family:宋体, simsun;font-size:12px;">中国社科院俄罗斯东欧中亚研究所中亚研究室</span></p><p style="text-indent:32px;font-weight:normal;font-family:calibri;text-align:left;margin-left:0px;margin-top:0px;margin-bottom:0px;"><span style="font-family:宋体, simsun;font-size:12px;">►</span><span style="font-family:宋体, simsun;font-size:12px;">国家发改委国土开发与地区经济研究所国土规划研究室</span></p><p style="text-indent:32px;font-weight:normal;font-family:calibri;text-align:left;margin-left:0px;margin-top:0px;margin-bottom:0px;"><span style="font-family:宋体, simsun;font-size:12px;">►</span><span style="font-family:宋体, simsun;font-size:12px;">商务部国际贸易经济合作研究院外资研究部</span></p><p style="text-indent:32px;font-weight:normal;font-family:calibri;text-align:left;margin-left:0px;margin-top:0px;margin-bottom:0px;"><span style="font-family:宋体, simsun;font-size:12px;">►</span><span style="font-family:宋体, simsun;font-size:12px;">清华大学建筑学院</span></p><p style="text-indent:32px;font-weight:normal;font-family:calibri;text-align:left;margin-left:0px;margin-top:0px;margin-bottom:0px;"><span style="font-family:宋体, simsun;font-size:12px;">►</span><span style="font-family:宋体, simsun;font-size:12px;">中科院科技政策与管理科学研究所</span></p><p style="text-indent:32px;font-weight:normal;font-family:calibri;text-align:left;margin-left:0px;margin-top:0px;margin-bottom:0px;"><span style="font-family:宋体, simsun;font-size:12px;">►</span><span style="font-family:宋体, simsun;font-size:12px;">国际生态发展联盟亚洲区</span></p><p style="text-indent:32px;font-weight:normal;font-family:calibri;text-align:left;margin-left:0px;margin-top:0px;margin-bottom:0px;"><span style="font-family:宋体, simsun;font-size:12px;">►</span><span style="font-family:宋体, simsun;font-size:12px;">北京大学亚太研究所</span></p><p style="text-indent:32px;font-weight:normal;font-family:calibri;text-align:left;margin-left:0px;margin-top:0px;margin-bottom:0px;"><span style="font-family:宋体, simsun;font-size:12px;">►</span><span style="font-family:宋体, simsun;font-size:12px;">国家行政学院</span></p><p style="text-indent:32px;font-weight:normal;font-family:calibri;text-align:left;margin-left:0px;margin-top:0px;margin-bottom:0px;"><span style="font-family:宋体, simsun;font-size:12px;">►</span><span style="font-family:宋体, simsun;font-size:12px;">商务部研究院国内贸易研究中心</span></p><p style="text-indent:32px;font-weight:normal;font-family:calibri;text-align:left;margin-left:0px;margin-top:0px;margin-bottom:0px;"><span style="font-family:宋体, simsun;font-size:12px;">►</span><span style="font-family:宋体, simsun;font-size:12px;">北京大学政府管理学院</span></p>', 4, 2, '', '', '', 0),
(47, '香港直飞喀什包机有望开通', '<p style="text-indent:2em"><span style="font-family:宋体, simsun;font-size:12px">新疆维吾尔自治区喀什政府代表团17日在香港举行合作洽谈会，香港直飞喀什的包机航班有望在今年第二季开通。中共喀什市委书记陈旭光表示，当地治安环境令人放心，欢迎去当地旅游。</span></p><p style="text-indent:2em"><span style="font-family:宋体, simsun;font-size:12px"></span><span style="font-family:宋体, simsun;font-size:12px">为推动这一西部多民族地区的经济发展，喀什政府代表团举行东南亚之行，一路从马来西亚到新加坡，香港为最后一站。陈旭光表示，2010年国务院确立喀什为特殊经济发展区，赋予喀什特殊使命，使喀什发展上升为国家战略。当地政府预计在未来5年，每年可以有双位数字的经济增长。</span></p><p style="text-indent:2em"><span style="font-family:宋体, simsun;font-size:12px"></span><span style="font-family:宋体, simsun;font-size:12px">在洽谈会上，香港中国旅行社与喀什发展投资控股有限公司签署了框架合作协议，包括将于2012年第二季度推出往来香港及喀什的直航包机，这将大大缩减两地航运时间。同时喀什发展投资还与五彩传说文化工程签署了一项框架合作协议，旨在向全世界推广喀什的音乐和文化遗产。喀什方面希望合作协议将进一步推动喀什市重现古丝绸之路的风采，吸引更多来自世界各地的旅客。</span></p><p style="text-indent:2em"><span style="font-family:宋体, simsun;font-size:12px"></span><span style="font-family:宋体, simsun;font-size:12px">陈旭光在会后接受中新社记者专访时表示，这次带着学习的心态参访东南亚各地，特别新加坡、香港与喀什有共同点，即都是多元民族、宗教融合的地区。新加坡和香港旅游、金融等发展繁荣，具有打造国际化大都市丰富经验，喀什作为后发展地区，多元文化只有相互交流、理解、包容、欣赏，才能建立和谐社会，发展经济。</span></p><p style="text-indent:2em"><span style="font-family:宋体, simsun;font-size:12px"></span><span style="font-family:宋体, simsun;font-size:12px">他提到，此次交流特别向新加坡和香港两地学习社会管理经验，包括民族和宗教管理部门以及基层社区等，在参观过程中都有体会。</span></p><p style="text-indent:2em"><span style="font-family:宋体, simsun;font-size:12px"></span><span style="font-family:宋体, simsun;font-size:12px">提到喀什的社会秩序，陈旭光并不回避，指去年“730事件”以及个别案件是受到境外的“三股势力”影响，很容易被放大，“如果真去到喀什，你会感觉当地人民淳朴、生活和谐，并且热情好客，大家去了以后便会感觉很安全。”</span></p><p style="text-indent:2em"><span style="font-family:宋体, simsun;font-size:12px"></span><span style="font-family:宋体, simsun;font-size:12px">“我在喀什算公众人物，很多人认识我，但也经常一个人出去散步。”他表示，相信随着当地经济不断发展、民生不断改善，类似的偶发案件会越来越少。(记者&nbsp;曾嘉)</span></p><p><br /></p><p>&nbsp;</p>', 5, 1, '2012年2月19日', '新华网', 'http://news.xinhuanet.com/gangao/2012-02/19/c_122721888.htm', 0),
(11, '概况', '<p><strong><span style="font-family:宋体, simsun;font-size:12px">成立背景</span></strong></p><p><span style="font-family:宋体, simsun;font-size:12px">&nbsp;</span></p><p style="text-indent:2em"><span style="font-family:宋体, simsun;font-size:12px">2011年9月30日国务院《关于支持喀什霍尔果斯经济开发区建设的若干意见》正式颁布，为喀什市的跨越式发展指明了方向,使之成为改革开放三十多年来中国内陆首个国家级经济开发区。喀什作为中国向西开放的窗口和内地与中亚、南亚重要的联络枢纽,&nbsp;将积极利用独有的资源优势，探索区域发展的新模式，迈开超常规发展步伐，成为世界级的国际化大都市和耀眼的西部明珠。</span></p><p><span style="font-family:宋体, simsun;font-size:12px">&nbsp;</span></p><p style="text-indent:2em"><span style="font-family:宋体, simsun;font-size:12px">为更积极有效的推动喀什发展、建设，制定具有地区特点的创新政策和切实可行的实施方案，为诸多关键领域提供智库支持和鼎力配合，喀什政府特在北京设立了“喀什特区战略发展研究院”，不仅为喀什输入国际国内的创新思路，同时也为喀什走出去搭建一个高端的国际化平台。</span></p><p><br /></p><p>&nbsp;&nbsp;&nbsp;&nbsp;&nbsp;&nbsp;&nbsp;&nbsp;&nbsp;&nbsp;&nbsp;&nbsp;<img style="width:491px;float:none;height:251px" border="0" hspace="0" src="http://www.chinakri.org/aqadmin/attachments/133/429/63/26.png" width="491" height="251" /></p>', 2, 2, '', '', '', 0),
(12, '喀什发展投资控股有限责任公司成立隆重揭幕', '<p style="text-align:center;line-height:33px;text-indent:40px;margin:0cm 0cm 0px"><span style="font-family:仿宋_gb2312;font-size:20px"><img class="imgStyle" src="http://www.xjks.gov.cn/UploadFiles/News/2011/8/201108112001361239.jpg" width="540" height="360" /></span></p><p style="line-height:33px;text-indent:40px;margin:0cm 0cm 0px"><span style="font-family:宋体, simsun;font-size:12px">8月11日，在喀什国际会展中心隆重举行喀什发展投资控股有限责任公司揭幕仪式。自治区副主席史大刚出席仪式并讲话，喀什地市两级主要领导、中信集团相关机构领导、中外投资方和媒体代表、喀什市相关领导参加了成立揭牌仪式。</span></p><p style="text-align:center;line-height:33px;text-indent:28px;margin:0cm 0cm 0px"><span style="font-family:宋体;color:blue;font-size:14px"><img class="imgStyle" src="http://www.xjks.gov.cn/UploadFiles/News/2011/8/201108112002252206.jpg" width="540" height="360" /></span></p><p style="text-align:center;line-height:33px;text-indent:28px;margin:0cm 0cm 0px"><span style="font-family:宋体, simsun;color:blue;font-size:12px">自治区副主席史大刚讲话</span></p><p style="text-align:center;line-height:33px;text-indent:28px;margin:0cm 0cm 0px"><span style="font-family:宋体;color:blue;font-size:14px"><img class="imgStyle" src="http://www.xjks.gov.cn/UploadFiles/News/2011/8/201108112004340543.jpg" width="540" height="360" /></span></p><p style="text-align:center;line-height:33px;text-indent:28px;margin:0cm 0cm 0px"><span style="font-family:宋体, simsun;color:blue;font-size:12px">中信集团常务董事兼副总经理窦建中</span><span style="font-family:宋体, simsun;color:blue;font-size:12px">讲话</span></p><p style="text-align:center;line-height:33px;text-indent:28px;margin:0cm 0cm 0px"><span style="font-family:宋体;color:blue;font-size:14px"><img class="imgStyle" src="http://www.xjks.gov.cn/UploadFiles/News/2011/8/201108112007470668.jpg" width="540" height="360" /></span></p><p style="text-align:center;line-height:33px;text-indent:28px;margin:0cm 0cm 0px"><span style="font-family:宋体, simsun;color:blue;font-size:12px">喀什地委书记程振山致辞</span></p><p style="text-align:center;line-height:33px;text-indent:28px;margin:0cm 0cm 0px"><span style="font-family:宋体;color:blue;font-size:14px"><span style="font-family:宋体;color:blue;font-size:14px"><img class="imgStyle" src="http://www.xjks.gov.cn/UploadFiles/News/2011/8/201108112005139078.jpg" width="540" height="360" /></span></span></p><p style="text-align:center;line-height:33px;text-indent:28px;margin:0cm 0cm 0px"><span style="font-family:宋体, simsun;color:blue;font-size:12px">喀什地委副书记、行署专员艾克拜尔·吾甫尔主持仪式</span></p><p style="text-align:center;line-height:33px;text-indent:28px;margin:0cm 0cm 0px"><span style="font-family:宋体;color:blue;font-size:14px"><img class="imgStyle" src="http://www.xjks.gov.cn/UploadFiles/News/2011/8/201108112008346997.jpg" width="540" height="360" /></span></p><p style="text-align:center;line-height:33px;text-indent:28px;margin:0cm 0cm 0px"><span style="font-family:宋体, simsun;color:blue;font-size:12px">喀什市委副书记、市长买买提明·白克力致辞</span></p><p style="text-align:center;line-height:33px;text-indent:28px;margin:0cm 0cm 0px"><span style="font-family:宋体;color:blue;font-size:14px"><img class="imgStyle" src="http://www.xjks.gov.cn/UploadFiles/News/2011/8/201108112009287322.jpg" width="540" height="360" /></span></p><p style="text-align:center;line-height:33px;text-indent:28px;margin:0cm 0cm 0px"><span style="font-family:宋体;color:blue;font-size:14px"><img class="imgStyle" src="http://www.xjks.gov.cn/UploadFiles/News/2011/8/201108112012194055.jpg" width="540" height="360" /></span></p><p style="text-align:left;line-height:37px;background-color:white;text-indent:0cm;margin:0cm 0cm 0px;background-origin:initial;background-clip:initial"><span style="font-family:宋体, simsun;color:#101010;font-size:12px">&nbsp;&nbsp;&nbsp;</span><span style="font-family:宋体, simsun;color:#101010;font-size:12px">&nbsp;</span><span style="font-family:宋体, simsun;font-size:12px">&nbsp;&nbsp;</span><span style="font-family:宋体, simsun;font-size:12px">喀什发展投资控股有限责任公司的主要股东包括喀什市政府和中信集团旗下的中信碳资产管理有限公司。喀什发展投资控股有限责任公司投资的领域包括金融服务、基础设施、旅游、现代农业、新能源、消费品和其它低碳环保、节能减排的项目。喀什发展投资控股有限责任公司的设立将为喀什特区现有和未来的产业发展，及时地提供一个集投融资和咨询顾问为一体的金融服务平台。这一平台将依托喀什的地区资源和中信的金融混业平台，积极推动喀什的招商引资、资源整合、人才引进和国际市场资本运作。</span></p><p style="text-align:center;line-height:33px;text-indent:32px;margin:0cm 0cm 0px"><span style="font-family:宋体;color:blue;font-size:16px"><img class="imgStyle" src="http://www.xjks.gov.cn/UploadFiles/News/2011/8/201108112106388967.jpg" width="540" height="360" /></span></p><p style="text-align:left;line-height:32px;text-indent:2em;margin:7px 0cm;font-family:宋体;color:blue;font-size:16px"><span style="font-family:宋体, simsun;color:black;font-size:12px">喀什是我国向西开放的重要门户，具有</span><span style="font-family:宋体, simsun;color:black;font-size:12px">“</span><span style="font-family:宋体, simsun;color:black;font-size:12px">五口通八国，一路连欧亚</span><span style="font-family:宋体, simsun;color:black;font-size:12px">”</span><span style="font-family:宋体, simsun;color:black;font-size:12px">的天然地域优势，是融合中西方政治、经济和文化的桥梁。随着中央新疆工作座谈会议的召开，喀什发展投资控股有限责任公司将以</span><span style="font-family:宋体, simsun;color:black;font-size:12px">“</span><span style="font-family:宋体, simsun;color:black;font-size:12px">东有深圳，西有喀什</span><span style="font-family:宋体, simsun;color:black;font-size:12px">”</span><span style="font-family:宋体, simsun;color:black;font-size:12px">为目标，一方面依托中央赋予喀什特殊经济开发区的有利政策和喀什独特的地缘优势；一方面借助中信集团的良好品牌及三十年成功经验，主要以发展金融服务、基础设施、旅游、现代农业、新能源、消费品和其它低碳环保、节能减排的项目为主要投资项目。</span></p><p style="text-align:left;line-height:32px;text-indent:2em;margin:7px 0cm;font-family:宋体;color:blue;font-size:16px"><span style="font-family:宋体, simsun;color:black;font-size:12px"></span><span style="font-family:宋体, simsun;color:#000000;font-size:12px" class="Apple-style-span">喀什发展投资控股有限责任公司的成立将为喀什特别是喀什经济特区未来的产业发展，提供一个金融服务平台。该平台依托喀什地区的优势资源和中信集团专业化的服务，在推动喀什市的招商引资、资源整合、人才引进和国际市场资本运作的同时，将最大限度的缓解目前在喀什经济特区和东城新区建设中资金不足的困难，为喀什市的发展提供动力和保障。同时将本着低碳节能、可持续性发展的战略原则，充分利用喀什的地域优势和经济特区的优惠政策，努力将喀什打造成为中亚、南亚经济圈喀什核心区，再创二十一世纪现代丝绸之路新的辉煌。</span></p><p style="text-align:left;line-height:32px;text-indent:2em;margin:7px 0cm;font-family:宋体;color:blue;font-size:16px"><span style="font-family:宋体, simsun;color:#000000;font-size:12px" class="Apple-style-span"></span><span style="font-family:宋体, simsun;color:black;font-size:12px">这一盛事吸引了西班牙对外银行（BBVA）、马来西亚主权基金和新加坡基金、以及德国睿铁有限责任公司等多家来自海内、外的十多家金融机构、投资机构及对口企业的代表在随后召开的喀什经济特区投资研讨会上共商喀什特区发展大计，纷纷表示：将愿与中信碳资产一道，积极探讨并推动喀什地区的建设和发展，待项目考察、评估后，将会进一步具体落实项目的合作与实施。</span><br /></p>', 5, 1, '', '', '', 0),
(17, 'SAMPLE1', '<p><img src="http://www.chinakri.org/aqadmin/attachments/133/431/13/55.jpg" style="width:286px;height:361px;float:none;" border="0" hspace="0" vspace="0" width="286" height="361" /></p><p><a href="http://www.chinakri.org/download/s1.pdf" target="_blank" title="点击下载"><span style="font-size:12px">点击下载</span></a></p><p><br /></p>', 1, 1, '', '', '', 0),
(54, 'SAMPLE2', '<p style="margin:5px 0px;"><img src="http://www.chinakri.org/aqadmin/attachments/133/431/13/93.jpg" border="0" hspace="0" vspace="0" style="width:286px;height:248px;float:none;" width="286" height="248" /></p><p style="margin:5px 0px;"><a href="http://www.chinakri.org/download/s2.pdf" target="_blank" title="点击下载"><span style="font-size:12px">点击下载</span></a></p><p><br /></p><p></p>', 1, 1, '', '', '', 0),
(18, '部分样例展示', '<div class="text" style="font-size:12px;color:#666666;line-height:1.8em;font-family:arial, helvetica, sans-serif;white-space:normal;background-color:#ffffff;padding:0px;margin:1em 0px 0px;"><strong><span style="font-family:宋体, simsun;">Kashgar&nbsp;chapter&nbsp;in&nbsp;the&nbsp;China&nbsp;Low-carbon&nbsp;City&nbsp;tour&nbsp;report&nbsp;中国城市低碳行-喀什站</span></strong></div><div class="text" style="font-size:12px;color:#666666;line-height:1.8em;font-family:arial, helvetica, sans-serif;white-space:normal;background-color:#ffffff;padding:0px;margin:1em 0px 0px;"><span style="font-family:宋体, simsun;">喀什市作为中国最西边的经济开发区的主要组成、新疆跨越式发展新的经济增长点和中国向西开放的重要窗口，将迈开超常规发展步伐，成为世界级的国际化大都市和耀眼的西部明珠。2011年9月30日，国务院下发《国务院关于支持喀什霍尔果斯经济开发区建设的若干意见》，为喀什市的跨越式发展指明了方向，奠定了政治基础。<br />特殊的联通内地与中亚、南亚的地缘优势、得天独厚的光热水土资源优势及优厚的经济开发区政策优势已经推动喀什市迈开可持续城市化发展的步伐，在城市发展的初级阶段就务求资源和环境的集约化应用，降低发展过程中的碳排放和污染物排放。通过老城危旧房改造项目、绿色口岸等项目的建设，喀什市逐步实现了可持续的发展理念。</span></div>', 1, 2, '', '', '', 0),
(55, '部分样例展示', '<p><span class="Apple-style-span" style="white-space:normal;"></span></p><div class="text" style="font-size:12px;color:#666666;line-height:1.8em;font-family:arial, helvetica, sans-serif;white-space:normal;background-color:#ffffff;padding:0px;margin:1em 0px 0px;"><strong><span style="font-family:宋体, simsun;">Kashgar&nbsp;Green&nbsp;Card&nbsp;喀什绿色新”丝“路</span></strong></div><div class="text" style="font-size:12px;color:#666666;line-height:1.8em;font-family:arial, helvetica, sans-serif;white-space:normal;background-color:#ffffff;padding:0px;margin:1em 0px 0px;"><span style="font-family:宋体, simsun;">2011年11月18日，喀什市委正式宣布将引领打造世界“第五代新城”，借助国家最近赋予喀什的新的发展契机，用综合、系统、未来的思维，规划、设计和建设喀什的今天和明天。喀什市将结合自身资源和政策导向优势，以低能耗、高产出为特征的“流动经济”为发展支柱，克服当地生态脆弱、劳动力紧缺的弱势，大力发展金融业、旅游业、物流业等流动经济业态；完整保留并保护两千多年古老的历史文明，继承人文历史交融的城市精神，提升喀什国内、国际知名度；以生态环境得到有效保护、资源得到可持续开发利用为原则，以经济繁荣、社会和谐为核心，塑造宜居城市，实现喀什的低碳可持续跨越式发展和建设“第五代新城”的目标。</span></div><p><br /></p><p></p>', 1, 2, '', '', '', 0),
(56, '香港至喀什的国际客运航班4月份开通', '<p style="text-align:center;line-height:37px"><span style="font-family:宋体;font-size:20px" lang="EN-US"><span style="background-color:#ffffff;font-family:宋体;color:#000000;font-size:12px">&nbsp;&nbsp;</span><img class="imgStyle" src="http://www.xjks.gov.cn/UploadFiles/News/2012/3/201203232104328890.jpg" width="500" height="333" /></span></p><p style="text-align:center;text-indent:30px;margin:0px 3px 15px;color:blue"><span style="background-color:#ffffff;color:#000000;font-size:12px">签约仪式现场</span></p><p style="text-align:center;text-indent:30px;margin:0px 3px 15px;color:blue"><img class="imgStyle" src="http://www.xjks.gov.cn/UploadFiles/News/2012/3/201203232104559792.jpg" width="500" height="333" /><span style="background-color:#ffffff;color:#000000;font-size:12px">&nbsp;</span></p><p style="text-align:center;text-indent:30px;margin:0px 3px 15px;color:blue"><span style="background-color:#ffffff;color:#000000;font-size:12px">喀什市常务副市长邓慧江与南方航空新疆分公司副总经理甘拥军签订战略合作协议</span></p><p>&nbsp;</p><p style="text-align:left;text-indent:2em"><span style="background-color:#ffffff;color:#000000;font-size:12px">3月23日，新疆喀什市人民政府与中国南方航空股份有限公司战略合作签约仪式在乌鲁木齐举行，双方签署了《香港/喀什直航包机首航计划战略合作协议》，决定4月份开通香港至喀什的国际客运航班，并就下一步依托喀什国际机场发展空巷经济等事宜达成合作意向。</span></p><p style="text-align:left;text-indent:2em"><span style="background-color:#ffffff;color:#000000;font-size:12px"></span><span style="background-color:#ffffff;color:#000000;font-size:12px">自治区旅游副局长刘新福，自治区外事侨务办公室副主任宋雪峰，自治区口岸办副主任吕晓华，南方航空新疆分公司副总经理甘拥军，新疆机场（集团）有限责任公司副总经理刘永昌及海关、出入境检验检疫局、喀什地委的有关领导参加了参加战略合作签约仪式。</span></p><p style="text-align:left;text-indent:2em"><span style="background-color:#ffffff;color:#000000;font-size:12px"></span><span style="background-color:#ffffff;color:#000000;font-size:12px">喀什地委委员热甫卡提·努热合曼主持签约仪式。他说，香港至喀什国际航线的开通，是喀什对外开放战略步伐中迈出的重要一步。国发（2007）32号文件指出“将喀什市建设成面向中亚的区域性商贸、旅游中心城市”；2010年，中央召开新疆工作座谈会，决定举全国之力，集全党之智，推动新疆特别是南疆三地州实现跨越式发展和长治久安，并决定设立喀什经济开发区，实行特殊经济政策，将其建设成为我国向西开放窗口和新疆经济增长点。而实现中央对喀什发展的定位，关键在扩大对外开放，而对内对外通道建设，则是实现大开放的基础。香港至喀什航线的开通，适应了喀什经济开发区建设的需要。喀什经济开发区规划已通过自治区评审，即将启动基础设施建设，已有数十家企业签订入园意向。香港至喀什航线协议的签订，将对方便喀什与东南亚之间的经济文化交流、壮大空港经济、促进现代服务业发展起到积极的推动作用，极大地提升喀什的城市品位及国际形象，助推喀什经济开发区建设。</span></p><p style="text-align:left;text-indent:2em"><span style="background-color:#ffffff;color:#000000;font-size:12px"></span><span style="background-color:#ffffff;color:#000000;font-size:12px">自治区旅游副局长刘新福说，喀什具有开通国际航线、发展旅游业的独特优势。喀什周边与巴基斯坦、塔吉克斯坦、吉尔吉斯斯坦、印度等八个国家接壤或者毗邻，有五个口岸对外开放，具有“五口（岸）通八国、一路连欧亚”是区位优势，是我国向西开放的桥头堡和通往中亚、南亚、西亚乃至欧洲的国际大通道。从喀什机场为核心的1000公里半径内，可以直达五个国家的首都，可成为欧洲游客进入中国的第一站，也可成为内地及东南亚国家游客赴欧洲旅游和商务活动的重要通道。</span></p><p style="text-align:left;text-indent:2em"><span style="background-color:#ffffff;color:#000000;font-size:12px"></span><span style="background-color:#ffffff;color:#000000;font-size:12px">南方航空新疆分公司副总经理甘拥军说，喀什机场具备起降国际航班、发展空港经济的基础和条件。喀什国际机场是新疆第二大航空港，也是新疆第二大机场口岸，于2005年实现对外开放，飞行区等级为4E，可供波音747-400以下机型起降，现已开通喀什至乌鲁木齐、济南、上海、广东、成都、北京的国内客运航线和喀什至伊斯兰堡的国际货运航线。近期，喀什地区筹资3000多万元，促成机场消防等级由6级提升为9级，相关设备到位后，将具备起降国际大型客运航班的条件。同时，还将机场及其周边地区纳入喀什经济开发区规划、发展空港经济，使之成为助推喀什经济开发区腾飞的重要引擎。</span></p><p style="text-align:center;line-height:37px"><span style="font-family:仿宋_gb2312;font-size:20px"><span lang="EN-US"><?xml:namespace prefix="o"></?xml:namespace><o:p><span style="background-color:#ffffff;color:#000000;font-size:12px">&nbsp;&nbsp;&nbsp;&nbsp;</span><img class="imgStyle" src="http://www.xjks.gov.cn/UploadFiles/News/2012/3/201203232106245931.jpg" width="500" height="333" /></o:p></span></span><span style="font-family:仿宋_gb2312;font-size:20px" lang="EN-US"><o:p><span style="background-color:#ffffff;color:#000000;font-size:12px">&nbsp;</span></o:p></span></p><p style="text-align:center;text-indent:30px;margin:0px 3px 15px;color:blue"><span style="background-color:#ffffff;color:#000000;font-size:12px">喀什地委委员热甫卡提·努热合曼主持签约仪式</span></p><p style="text-align:center;text-indent:30px;margin:0px 3px 15px;color:blue"><img class="imgStyle" src="http://www.xjks.gov.cn/UploadFiles/News/2012/3/201203232109072869.jpg" width="500" height="325" /><span style="background-color:#ffffff;color:#000000;font-size:12px">&nbsp;</span></p><p style="text-align:center;text-indent:30px;margin:0px 3px 15px;color:blue"><span style="background-color:#ffffff;color:#000000;font-size:12px">南方航空新疆分公司副总经理甘拥军讲话</span></p><p style="text-align:center;text-indent:30px;margin:0px 3px 15px;color:blue"><img class="imgStyle" src="http://www.xjks.gov.cn/UploadFiles/News/2012/3/201203232110111933.jpg" width="500" height="333" /><span style="background-color:#ffffff;color:#000000;font-size:12px">&nbsp;</span></p><p style="text-align:center;text-indent:30px;margin:0px 3px 15px"><span style="background-color:#ffffff;color:#000000;font-size:12px">签约仪式现场</span></p><p><br /></p><p>&nbsp;</p><p>&nbsp;</p>', 5, 1, '2012年03月23日', '喀什市政府新闻中心', 'http://www.xjks.gov.cn/Item/20709.aspx', 0),
(57, '部分样例展示', '<p><span style="font-size:12px;font-family:宋体, simsun;">内容包括：</span></p><p><br /></p><p><span style="font-size:12px;font-family:宋体, simsun;">《国务院关于支持喀什霍尔果斯经济开发区建设的若干意见》&nbsp;</span></p><p><span style="font-size:12px;font-family:宋体, simsun;">《财政部&nbsp;国家税务总局关于新疆喀什&nbsp;霍尔果斯两个特殊经济开发区企业所得税优惠政策的通知》</span></p><p><span style="font-size:12px;font-family:宋体, simsun;">《关于喀什、霍尔果斯经济开发区审批权限的通知》</span></p><p><br /></p>', 1, 2, '', '', '', 0);
INSERT INTO `topic` (`tid`, `title`, `content`, `cid`, `lr`, `shijian`, `laiyuan`, `lianjie`, `status`) VALUES
(34, '喀什：打造面向亚欧的国际性第五代新城', '<p style="line-height:23px;border-right-width:0px;margin:15px 0px;border-top-width:0px;border-bottom-width:0px;font-size:14px;border-left-width:0px;padding:0px;"><strong><span style="font-family:宋体, simsun;font-size:12px">经济观察网&nbsp;记者&nbsp;启越&nbsp;</span></strong></p><p style="line-height:23px;border-right-width:0px;text-indent:2em;margin:15px 0px;border-top-width:0px;border-bottom-width:0px;font-size:14px;border-left-width:0px;padding:0px;"><span style="font-family:宋体, simsun;font-size:12px">喀什市政府正式宣布将携手国内外各界有识之士共同打造国际“第五代新城”。</span></p><p style="line-height:23px;border-right-width:0px;text-indent:2em;margin:15px 0px;border-top-width:0px;border-bottom-width:0px;font-size:14px;border-left-width:0px;padding:0px;"><span style="font-family:宋体, simsun;font-size:12px"></span><span style="font-family:宋体, simsun;font-size:12px">喀什市，我国西部边陲重镇，国家级特殊经济开发区，将借鉴国际新城开发经验，倾力打造符合自身发展条件，同时具有国际先进水平的“第五代新城”，为实现国家的西部发展战略目标而努力。</span></p><p style="line-height:23px;border-right-width:0px;text-indent:2em;margin:15px 0px;border-top-width:0px;border-bottom-width:0px;font-size:14px;border-left-width:0px;padding:0px;"><span style="font-family:宋体, simsun;font-size:12px"></span><span style="font-family:宋体, simsun;font-size:12px">以“新丝路、新思路”为指导思想，喀什特区将突破传统上主要依赖资源投入推动新城发展的固有模式，结合自身交通区位优势，以及生态环境敏感度高的特征，以低能耗、高产出的“流动经济”作为发展支柱，依托国际航空港的区位优势，走低碳生态型的可持续发展道路。</span></p><p style="line-height:23px;border-right-width:0px;text-indent:2em;margin:15px 0px;border-top-width:0px;border-bottom-width:0px;font-size:14px;border-left-width:0px;padding:0px;"><span style="font-family:宋体, simsun;font-size:12px"></span><span style="font-family:宋体, simsun;font-size:12px">喀什市将按照国家的有关部署，结合自身的特点，进行创新，打造面向亚欧的国际性“第五代新城”；以历史文化得到有效传承、生态环境得到有效保护、资源得到可持续开发利用为目标，以社会和谐、经济繁荣为核心，实现喀什的可持续跨越式发展。</span></p><p><br /></p><p>&nbsp;</p>', 5, 1, '2011年11月18日', '新浪财经', 'http://finance.sina.com.cn/china/dfjj/20111118/085610840126.shtml', 0),
(35, '气候组织“城市低碳行”----- 喀什站活动圆满结束', '<p><span style="font-family:宋体, simsun;font-size:12px">作者：贺敏&nbsp;来源：新华网新疆频道&nbsp;</span></p><p><br /></p><p><br /></p><p style="text-indent:2em"><span style="font-family:宋体, simsun;font-size:12px">11月&nbsp;16日-18日，为期三天的气候组织“城市低碳行”喀什站活动圆满结束，主办方携手众多国内外政经产学研领域的知名专家学者、知名媒体记者，走进喀什，共同探讨喀什低碳实践、可持续发展等问题，帮助喀什寻求科学跨越、后发赶超、绿色崛起的最佳路径。</span></p><p style="text-indent:2em"><span style="font-family:宋体, simsun;font-size:12px"></span><span style="font-family:宋体, simsun;font-size:12px">18日，在温州国际大酒店举行了喀什可持续发展高端研讨会，来自国内外可持续发展理论前沿的知名专家发表了主旨演讲，专家们从前沿理论到国内外先进实践经验，就城市产业布局、如何实现绿色发展、发挥地缘优势、优化投资环境等城市发展的关键领域，提出了喀什跨越式发展的核心是可持续发展，并为喀什市实现可持续发展提出了建议和意见。</span></p><p style="text-indent:2em"><span style="font-family:宋体, simsun;font-size:12px"></span><span style="font-family:宋体, simsun;font-size:12px">地委委员、特区党工委书记、喀什市委书记陈旭光在研讨会上提出，喀什拥有独特的政策优势、区位优势、资源优势、人文优势等建设特区的利好条件，但也面临着生态敏感脆弱、基础设施相对滞后、对外开放程度不高、科技进步亟待加强等严重的制约因素。喀什如何在新一轮的特区建设中立足优势、趋利避害，用活政策、创造优势，放眼全球、整合资源，实现可持续发展，这是喀什面临的急需解决的一个重大课题，也是喀什崛起的前提。在&quot;国十条&quot;颁布之际，气候组织&quot;城市低碳行&quot;喀什站活动为喀什带来了绿色发展、可持续发展的先进理论观点和实践经验，给喀什特区发展号诊把脉、指点了迷津。</span></p><p style="text-indent:2em"><span style="font-family:宋体, simsun;font-size:12px"></span><span style="font-family:宋体, simsun;font-size:12px">据了解，气候组织“城市低碳行”活动于2011年&nbsp;8月启动，携手政府官员、专家学者、知名媒体走进系列中国城市，通过访谈、研讨会、媒体见面会等形式，深入考察各地低碳经济的发展现状和面临的问题，与城市管理者共同探讨实现低碳、可持续发展的路径和方法。目前气候组织“城市低碳行”活动已在杭州、武汉、东莞等东部、中部、东南沿海的代表城市成功举办，喀什是作为探索跨越式发展路径的西部唯一代表城市。（完）（责任编辑：徐丽）</span></p><p><br /></p>', 5, 1, '2011年11月22日', '新华网新疆频道', 'http://www.xj.xinhuanet.com/2011-11/22/content_24177038.htm', 0),
(36, ' 喀什市委书记谈喀什特别经济区新战略：第五代新城', '<p dir="ltr"><span style="font-family:宋体, simsun;font-size:12px">　　本报记者&nbsp;李梅影&nbsp;新疆喀什报道</span></p><p dir="ltr"><br /></p><p dir="ltr"><span style="font-family:宋体, simsun;font-size:12px">　　新疆喀什大巴扎，摆满了东西方的手工艺品、日用百货、瓜果蔬菜……数千年来，中国最西部城市喀什，一直保持着东西方贸易交汇点的地位。</span></p><p dir="ltr"><span style="font-family:宋体, simsun;font-size:12px">　　这种地位正在被强化。近日，国务院出台《支持喀什霍尔果斯经济开发区建设的若干意见》（以下简称“国十条”），给予喀什特别经济开发区的地位，意味着喀什将承担起中国西部地区发展的重任。</span></p><p dir="ltr"><span style="font-family:宋体, simsun;font-size:12px">　　“今后喀什特区的发展可能就是三个优势，区位优势、资源优势和政策优势。政策优势在当前一段时间内，可能是喀什的最大优势，&quot;国十条&quot;里明确了一系列的免税政策，所以喀什可能能够成为低成本的地区，或者说是金融创新的低成本地区。”喀什市委书记陈旭光对本报记者表示。</span></p><p dir="ltr"><span style="font-family:宋体, simsun;font-size:12px">　　11月18日，喀什市政府正式宣布，将打造国际“第五代新城”。以“新丝路、新思路”为指导思想，喀什特区将突破传统上主要依赖资源投入推动新城发展的固有模式，结合自身交通区位优势，以及生态环境敏感度高的特征，以低能耗、高产出的“流动经济”作为发展支柱，依托国际航空港的区位优势，走低碳生态型的可持续发展道路。</span></p><p dir="ltr"><span style="font-family:宋体, simsun;font-size:12px">　　喀什市政府的“第五代新城”概念，引起外界的广泛关注。这是相对于上世纪四个时代的城市来说的，前面的四代城市，都有一个共同的特点，是依赖大量资源的投入。而前四代城市的经验都不适合喀什快速崛起的需要，因为，喀什处于一个生态非常脆弱的地方，敏感度比较高，不可能通过大量土地的建设用地开发，来实现喀什的跨越式发展，由此，喀什提出“第五代新城”概念。</span></p><p dir="ltr"><span style="font-family:宋体, simsun;font-size:12px">　　陈旭光在接受本报记者专访时，对喀什打造“第五代城市”，更是有着深刻的理解。</span></p><p dir="ltr"><span style="font-family:宋体, simsun;font-size:12px">　　喀什的内生动力</span></p><p dir="ltr"><span style="font-family:宋体, simsun;font-size:12px">　　走低碳生态型的可持续发展道路</span></p><p dir="ltr"><span style="font-family:宋体, simsun;font-size:12px">　　《21世纪》：如何看待“国十条”对喀什的作用？</span></p><p dir="ltr"><span style="font-family:宋体, simsun;font-size:12px">　　陈旭光：“国十条”允许我们先试先行，该文件指出，喀什和霍尔果斯地区，要充分借鉴国内各经济特区和各类产业集聚区建设发展的成功经验，根据新疆地域特点和比较优势，有针对性地实行特殊优惠政策，先行试验一些重大改革开放措施，创新和完善管理体制、发展模式，推动经济开发区又好又快发展。</span></p><p dir="ltr"><span style="font-family:宋体, simsun;font-size:12px">　　我们感觉，国家资金的支持会在短期内使我们的经济快速发展，但是只有真正的创新机制，才能给我们喀什特区以内生动力，体制、机制的创新是我们发展的不竭动力。</span></p><p dir="ltr"><span style="font-family:宋体, simsun;font-size:12px">　　“国十条”指出了喀什的定位，“把喀什、霍尔果斯经济开发区建设成为我国向西开放的重要窗口，推动形成我国&quot;陆上开放&quot;与&quot;海上开放&quot;并重的对外开放新格局”，我感觉这把喀什上升为了国家战略。</span></p><p dir="ltr"><span style="font-family:宋体, simsun;font-size:12px">　　所以，我们应该站到更高的起点上来看喀什今后的发展。因此我们这次联合气候组织开展“喀什可持续发展高端研讨会”，喀什特区将突破传统上主要依赖资源投入推动新城发展的固有模式，走低碳生态型的可持续发展道路。</span></p><p dir="ltr"><span style="font-family:宋体, simsun;font-size:12px">　　《21世纪》：我们注意到，“国十条”在金融方面给予喀什相关扶持政策，对于喀什这样一个西部地区，发展金融有什么优势和重要价值？</span></p><p dir="ltr"><span style="font-family:宋体, simsun;font-size:12px">　　陈旭光：在对喀什的十条具体扶持政策中，我们首先看重的是金融政策，“国十条”提到，“鼓励和引导各类金融机构在经济开发区内设立分支机构。建立经济开发区金融监管协调机制，统筹研究和协调金融政策，推进金融创新试点，推动金融行业发展，支持经济开发区建设。支持设立经济开发区产业投资基金”，应该说这里面，每一句话都包含着深刻的内涵。</span></p><p dir="ltr"><span style="font-family:宋体, simsun;font-size:12px">　　金融是由国家监管的，很多经济开发区都想在金融上有所突破，但是国家没有给他们明确政策，而独独对喀什在金融贸易方面发展给予支持，尤其允许我们金融创新，这个是我们的一大亮点。</span></p><p dir="ltr"><span style="font-family:宋体, simsun;font-size:12px">　　我们“第五代新城”的建设，穷尽劣势，也就是对比完我们所有的劣势以后，我们的优势究竟在哪儿？实际上就是国家给的创新政策，尤其是金融政策。</span></p><p dir="ltr"><span style="font-family:宋体, simsun;font-size:12px">　　《21世纪》：但是我感觉金融扶持政策规定得非常宽泛，对此您怎样看？</span></p><p dir="ltr"><span style="font-family:宋体, simsun;font-size:12px">　　陈旭光：这正是我们感觉“国十条”好的地方，可以让我们有想象空间，如果一条条都规定好了，我们就没有拓展空间。</span></p><p dir="ltr"><span style="font-family:宋体, simsun;font-size:12px">　　打造综合保税区</span></p><p dir="ltr"><span style="font-family:宋体, simsun;font-size:12px">　　着力打造“第五代新城”的空港经济</span></p><p dir="ltr"><span style="font-family:宋体, simsun;font-size:12px">　　《21世纪》：交通是支撑经济发展的一个关键因素，目前喀什的规划怎样？</span></p><p dir="ltr"><span style="font-family:宋体, simsun;font-size:12px">　　陈旭光：“十二五”规划中，国家已经明确提出，要加快推进喀什到中吉乌铁路、巴基斯坦瓜达尔港的铁路和公路的建设，实际上，这也是今后国家能源通道战略安全的一个基本保证，可以避免马六甲海峡的制约。</span></p><p dir="ltr"><span style="font-family:宋体, simsun;font-size:12px">　　当然，还有快的路径结合，就是飞机。尤其在这次第八届党代会上，明确提出支持喀什飞往周边国家航线的建设，使它尽快成为一个国际枢纽。基于这一点，我们考虑在下一步的发展中，在公路、铁路没有修通之前，我们会着力打造“第五代新城”的空港经济。</span></p><p dir="ltr"><span style="font-family:宋体, simsun;font-size:12px">　　古代的丝绸之路，从浙江的湖州一直通到欧洲。现在，我们想打造出空中的丝绸之路，想跳出中亚发展自己，就是直接和最先进的欧洲进行连接、和内陆的发达城市进行连接。如果与北京、深圳、香港等航线直接对接以后，我们的区位优势就真正体现了，枢纽地位也就真正形成了，金融和贸易区也就真正形成了。</span></p><p dir="ltr"><span style="font-family:宋体, simsun;font-size:12px">　　从北京到喀什，如果直飞的话，是6~7个小时左右，从货运来讲，6个小时经停一下是最经济的，从客运来讲，坐6个小时飞机下来休息一下也是最好的。</span></p><p dir="ltr"><span style="font-family:宋体, simsun;font-size:12px">　　《21世纪》：铁路还没有建通，在航空成本还是很高的情况下，喀什自己的竞争优势到底在哪里？</span></p><p dir="ltr"><span style="font-family:宋体, simsun;font-size:12px">　　陈旭光：实际上，我们在做商贸物流方面，现在首先是围绕着空港经济，因为空中的运输费用很高，所以不可能运廉价的东西，我们希望运输奢侈品。</span></p><p dir="ltr"><span style="font-family:宋体, simsun;font-size:12px">　　现在中国人的购买力是很强的，到欧洲去都是大包小包的买，经济界也提出这个问题，为什么不让中国人的钱留在中国、花在中国？通过空港经济，喀什有地域优势，我们希望在喀什，就能买到欧洲的免税奢侈品，形成迅速的贸易。</span></p><p dir="ltr"><span style="font-family:宋体, simsun;font-size:12px">　　《21世纪》：有可能形成像海南那样的免税区吗？</span></p><p dir="ltr"><span style="font-family:宋体, simsun;font-size:12px">　　陈旭光：我们想建综合保税区，因为海关总署专门给我们派了有关领导，就是帮助我们建设综合保税区，我们想，海南那样的购物政策在我们这儿可能会放大，我们初步提的是最少放大三倍。至于时间，我们希望是越快越好。</span></p><p dir="ltr"><span style="font-family:宋体, simsun;font-size:12px">　　《21世纪》：喀什的低碳产业发展怎样？如何让喀什的经济实现弯道超车？</span></p><p dir="ltr"><span style="font-family:宋体, simsun;font-size:12px">　　陈旭光：喀什的太阳能资源是非常丰富的，具有得天独厚的优势，这个应该是我们今后发展的一个重点。</span></p><p dir="ltr"><span style="font-family:宋体, simsun;font-size:12px">　　还有，所谓的低碳发展不仅仅在能源方面，还有在我们的生活上、城市建设设计上、生态保护上。喀什的城市规划提到了“一廊三带”发展，就提到了生态保护，三带是北部生态缓冲带、中部生态休闲带、南部生态保育带。</span></p><p dir="ltr"><span style="font-family:宋体, simsun;font-size:12px">　　塑形、筑魂、提气</span></p><p dir="ltr"><span style="font-family:宋体, simsun;font-size:12px">　　“让所有人来到喀什，一看就是喀什，而不是其他城市”</span></p><p dir="ltr"><span style="font-family:宋体, simsun;font-size:12px">　　《21世纪》：深圳对口援建喀什，喀什可以从深圳学习到什么？</span></p><p dir="ltr"><span style="font-family:宋体, simsun;font-size:12px">　　陈旭光：深圳支持喀什，“东有深圳，西有喀什”，喀什不是学习深圳原有的发展路径和模式，因为深圳的发展路径和模式，和我们现在已经完全不相同了。我们学深圳学的是什么？学的是创新精神。深圳之所以在30年前到今天能创造这么辉煌的成就，最大的一条就是敢于创新、敢于突破。</span></p><p dir="ltr"><span style="font-family:宋体, simsun;font-size:12px">　　但是喀什与深圳有很多不同，比如说，深圳面对的是香港，背靠全国这个大市场，而喀什正好相反，面对的是相对贫穷的国家，而背靠的是强大的祖国。</span></p><p dir="ltr"><span style="font-family:宋体, simsun;font-size:12px">　　还有，我感觉是文化的不同，深圳在改革初期仅仅是一个3万人的小渔村，而喀什有着两千多年的历史文化，是古丝绸之路上的一颗明珠，自古以来都是中西方文化的交融荟萃之地。</span></p><p dir="ltr"><span style="font-family:宋体, simsun;font-size:12px">　　《21世纪》：喀什在向深圳学习的过程中，可能还会面临一些发展中的现实问题，弄不好就弄偏了，就把喀什的历史文化弱化了，面对这种冲突的时候我们怎么博弈？</span></p><p dir="ltr"><span style="font-family:宋体, simsun;font-size:12px">　　陈旭光：刚才我一直在讲深圳与喀什的同与不同，深圳是完全建立在小渔村上，可以建一个现代化的城市，而喀什有两千多年的历史文化，这始终是我们关注的焦点，所以我们学深圳是学深圳的创新精神，但是内容一定是喀什的。</span></p><p dir="ltr"><span style="font-family:宋体, simsun;font-size:12px">　　在今后的发展中我们想提这么几个词塑形、筑魂、提气。</span></p><p dir="ltr"><span style="font-family:宋体, simsun;font-size:12px">　　第一，塑形，塑造喀什的形象，让所有人来到喀什，一看就是喀什，而不是其他城市。</span></p><p dir="ltr"><span style="font-family:宋体, simsun;font-size:12px">　　第二，铸魂，也就是找到我们喀什的魂在哪儿，我们的文化灵魂在哪儿。低碳也是一种文化、发展也是一种文化、历史也是一种文化、餐饮也是一种文化，文化渗透到社会的方方面面。</span></p><p dir="ltr"><span style="font-family:宋体, simsun;font-size:12px">　　第三，提气。所有资金能够汇集到这儿、所有人气汇集到这儿。你可能不一定生活在这儿，但是你可能会对喀什做贡献，形成所谓的“流动经济”。不过，人来了会产生垃圾、废气等，因为喀什生态的脆弱性，可能会有一定的成本，这些都是我们要探索和创新的方面。&nbsp;</span></p><p dir="ltr"><br /></p>', 5, 1, '2011年11月24日', '和讯网', 'http://news.hexun.com/2011-11-24/135608731.html', 0),
(37, '喀什将打造国际“第五代新城', '<p><br /></p><p><br /></p><p><br /></p><p><img style="float:none" border="0" hspace="0" src="http://epaper.21cbh.com/images/2011-11/24/07/wangm1b490_b.jpg" width="350" height="233" /></p><p><br /><img style="float:left" border="0" hspace="0" src="http://epaper.21cbh.com/images/2011-11/24/07/wangm1b505_b.jpg" width="350" height="232" /><br /></p><p><br /></p><p><br /></p><p><br /></p><p><br /></p><p><br /></p><p><br /></p><p><br /></p><p><br /></p><p><br /></p><p><br /></p><p style="line-height:1.6em;margin:0px 0px 0.8em;font-size:14px;padding:0px;"><span style="font-family:宋体, simsun;font-size:12px"></span>&nbsp;</p><p style="line-height:1.6em;margin:0px 0px 0.8em;font-size:14px;padding:0px;"><span style="font-family:宋体, simsun;font-size:12px"></span>&nbsp;</p><p style="line-height:1.6em;margin:0px 0px 0.8em;font-size:14px;padding:0px;"><span style="font-family:宋体, simsun;font-size:12px">本报记者&nbsp;&nbsp;李梅影&nbsp;&nbsp;新疆喀什报道</span></p><p style="line-height:1.6em;margin:0px 0px 0.8em;font-size:14px;padding:0px;"><span style="font-family:宋体, simsun;font-size:12px">&nbsp;&nbsp;&nbsp;&nbsp;新疆喀什大巴扎，摆满了东西方的手工艺品、日用百货、瓜果蔬菜……数千年来，中国最西部城市喀什，一直保持着东西方贸易交汇点的地位。</span></p><p style="line-height:1.6em;margin:0px 0px 0.8em;font-size:14px;padding:0px;"><span style="font-family:宋体, simsun;font-size:12px">&nbsp;&nbsp;&nbsp;&nbsp;这种地位正在被强化。近日，国务院出台《支持喀什霍尔果斯经济开发区建设的若干意见》（以下简称“国十条”），给予喀什特别经济开发区的地位，意味着喀什将承担起中国西部地区发展的重任。</span></p><p style="line-height:1.6em;margin:0px 0px 0.8em;font-size:14px;padding:0px;"><span style="font-family:宋体, simsun;font-size:12px">&nbsp;&nbsp;&nbsp;&nbsp;“今后喀什特区的发展可能就是三个优势，区位优势、资源优势和政策优势。政策优势在当前一段时间内，可能是喀什的最大优势，‘国十条’里明确了一系列的免税政策，所以喀什可能能够成为低成本的地区，或者说是金融创新的低成本地区。”喀什市委书记陈旭光对本报记者表示。</span></p><p style="line-height:1.6em;margin:0px 0px 0.8em;font-size:14px;padding:0px;"><span style="font-family:宋体, simsun;font-size:12px">&nbsp;&nbsp;&nbsp;&nbsp;11月18日，喀什市政府正式宣布，将打造国际“第五代新城”。以“新丝路、新思路”为指导思想，喀什特区将突破传统上主要依赖资源投入推动新城发展的固有模式，结合自身交通区位优势，以及生态环境敏感度高的特征，以低能耗、高产出的“流动经济”作为发展支柱，依托国际航空港的区位优势，走低碳生态型的可持续发展道路。</span></p><p style="line-height:1.6em;margin:0px 0px 0.8em;font-size:14px;padding:0px;"><span style="font-family:宋体, simsun;font-size:12px">&nbsp;&nbsp;&nbsp;&nbsp;喀什市政府的“第五代新城”概念，引起外界的广泛关注。这是相对于上世纪四个时代的城市来说的，前面的四代城市，都有一个共同的特点，是依赖大量资源的投入。而前四代城市的经验都不适合喀什快速崛起的需要，因为，喀什处于一个生态非常脆弱的地方，敏感度比较高，不可能通过大量土地的建设用地开发，来实现喀什的跨越式发展，由此，喀什提出“第五代新城”概念。</span></p><p style="line-height:1.6em;margin:0px 0px 0.8em;font-size:14px;padding:0px;"><span style="font-family:宋体, simsun;font-size:12px">&nbsp;&nbsp;&nbsp;&nbsp;陈旭光在接受本报记者专访时，对喀什打造“第五代城市”，更是有着深刻的理解。</span></p><p style="line-height:1.6em;margin:0px 0px 0.8em;font-size:14px;padding:0px;"><span style="font-family:宋体, simsun;font-size:12px">&nbsp;&nbsp;&nbsp;&nbsp;喀什的内生动力</span></p><p style="line-height:1.6em;margin:0px 0px 0.8em;font-size:14px;padding:0px;"><span style="font-family:宋体, simsun;font-size:12px">&nbsp;&nbsp;&nbsp;&nbsp;走低碳生态型的可持续发展道路</span></p><p style="line-height:1.6em;margin:0px 0px 0.8em;font-size:14px;padding:0px;"><span style="font-family:宋体, simsun;font-size:12px">&nbsp;&nbsp;&nbsp;&nbsp;《21世纪》：如何看待“国十条”对喀什的作用？</span></p><p style="line-height:1.6em;margin:0px 0px 0.8em;font-size:14px;padding:0px;"><span style="font-family:宋体, simsun;font-size:12px">&nbsp;&nbsp;&nbsp;&nbsp;陈旭光：“国十条”允许我们先试先行，该文件指出，喀什和霍尔果斯地区，要充分借鉴国内各经济特区和各类产业集聚区建设发展的成功经验，根据新疆地域特点和比较优势，有针对性地实行特殊优惠政策，先行试验一些重大改革开放措施，创新和完善管理体制、发展模式，推动经济开发区又好又快发展。</span></p><p style="line-height:1.6em;margin:0px 0px 0.8em;font-size:14px;padding:0px;"><span style="font-family:宋体, simsun;font-size:12px">&nbsp;&nbsp;&nbsp;&nbsp;我们感觉，国家资金的支持会在短期内使我们的经济快速发展，但是只有真正的创新机制，才能给我们喀什特区以内生动力，体制、机制的创新是我们发展的不竭动力。</span></p><p style="line-height:1.6em;margin:0px 0px 0.8em;font-size:14px;padding:0px;"><span style="font-family:宋体, simsun;font-size:12px">&nbsp;&nbsp;&nbsp;&nbsp;“国十条”指出了喀什的定位，“把喀什、霍尔果斯经济开发区建设成为我国向西开放的重要窗口，推动形成我国‘陆上开放’与‘海上开放’并重的对外开放新格局”，我感觉这把喀什上升为了国家战略。</span></p><p style="line-height:1.6em;margin:0px 0px 0.8em;font-size:14px;padding:0px;"><span style="font-family:宋体, simsun;font-size:12px">&nbsp;&nbsp;&nbsp;&nbsp;所以，我们应该站到更高的起点上来看喀什今后的发展。因此我们这次联合气候组织开展“喀什可持续发展高端研讨会”，喀什特区将突破传统上主要依赖资源投入推动新城发展的固有模式，走低碳生态型的可持续发展道路。</span></p><p style="line-height:1.6em;margin:0px 0px 0.8em;font-size:14px;padding:0px;"><span style="font-family:宋体, simsun;font-size:12px">&nbsp;&nbsp;&nbsp;&nbsp;《21世纪》：我们注意到，“国十条”在金融方面给予喀什相关扶持政策，对于喀什这样一个西部地区，发展金融有什么优势和重要价值？</span></p><p style="line-height:1.6em;margin:0px 0px 0.8em;font-size:14px;padding:0px;"><span style="font-family:宋体, simsun;font-size:12px">&nbsp;&nbsp;&nbsp;&nbsp;陈旭光：在对喀什的十条具体扶持政策中，我们首先看重的是金融政策，“国十条”提到，“鼓励和引导各类金融机构在经济开发区内设立分支机构。建立经济开发区金融监管协调机制，统筹研究和协调金融政策，推进金融创新试点，推动金融行业发展，支持经济开发区建设。支持设立经济开发区产业投资基金”，应该说这里面，每一句话都包含着深刻的内涵。</span></p><p style="line-height:1.6em;margin:0px 0px 0.8em;font-size:14px;padding:0px;"><span style="font-family:宋体, simsun;font-size:12px">&nbsp;&nbsp;&nbsp;&nbsp;金融是由国家监管的，很多经济开发区都想在金融上有所突破，但是国家没有给他们明确政策，而独独对喀什在金融贸易方面发展给予支持，尤其允许我们金融创新，这个是我们的一大亮点。</span></p><p style="line-height:1.6em;margin:0px 0px 0.8em;font-size:14px;padding:0px;"><span style="font-family:宋体, simsun;font-size:12px">&nbsp;&nbsp;&nbsp;&nbsp;我们“第五代新城”的建设，穷尽劣势，也就是对比完我们所有的劣势以后，我们的优势究竟在哪儿？实际上就是国家给的创新政策，尤其是金融政策。</span></p><p style="line-height:1.6em;margin:0px 0px 0.8em;font-size:14px;padding:0px;"><span style="font-family:宋体, simsun;font-size:12px">&nbsp;&nbsp;&nbsp;&nbsp;《21世纪》：但是我感觉金融扶持政策规定得非常宽泛，对此您怎样看？</span></p><p style="line-height:1.6em;margin:0px 0px 0.8em;font-size:14px;padding:0px;"><span style="font-family:宋体, simsun;font-size:12px">&nbsp;&nbsp;&nbsp;&nbsp;陈旭光：这正是我们感觉“国十条”好的地方，可以让我们有想象空间，如果一条条都规定好了，我们就没有拓展空间。</span></p><p style="line-height:1.6em;margin:0px 0px 0.8em;font-size:14px;padding:0px;"><span style="font-family:宋体, simsun;font-size:12px">&nbsp;&nbsp;&nbsp;&nbsp;打造综合保税区</span></p><p style="line-height:1.6em;margin:0px 0px 0.8em;font-size:14px;padding:0px;"><span style="font-family:宋体, simsun;font-size:12px">&nbsp;&nbsp;&nbsp;&nbsp;着力打造“第五代新城”的空港经济</span></p><p style="line-height:1.6em;margin:0px 0px 0.8em;font-size:14px;padding:0px;"><span style="font-family:宋体, simsun;font-size:12px">&nbsp;&nbsp;&nbsp;&nbsp;《21世纪》：交通是支撑经济发展的一个关键因素，目前喀什的规划怎样？</span></p><p style="line-height:1.6em;margin:0px 0px 0.8em;font-size:14px;padding:0px;"><span style="font-family:宋体, simsun;font-size:12px">&nbsp;&nbsp;&nbsp;&nbsp;陈旭光：“十二五”规划中，国家已经明确提出，要加快推进喀什到中吉乌铁路、巴基斯坦瓜达尔港的铁路和公路的建设，实际上，这也是今后国家能源通道战略安全的一个基本保证，可以避免马六甲海峡的制约。</span></p><p style="line-height:1.6em;margin:0px 0px 0.8em;font-size:14px;padding:0px;"><span style="font-family:宋体, simsun;font-size:12px">&nbsp;&nbsp;&nbsp;&nbsp;当然，还有快的路径结合，就是飞机。尤其在这次第八届党代会上，明确提出支持喀什飞往周边国家航线的建设，使它尽快成为一个国际枢纽。基于这一点，我们考虑在下一步的发展中，在公路、铁路没有修通之前，我们会着力打造“第五代新城”的空港经济。</span></p><p style="line-height:1.6em;margin:0px 0px 0.8em;font-size:14px;padding:0px;"><span style="font-family:宋体, simsun;font-size:12px">&nbsp;&nbsp;&nbsp;&nbsp;古代的丝绸之路，从浙江的湖州一直通到欧洲。现在，我们想打造出空中的丝绸之路，想跳出中亚发展自己，就是直接和最先进的欧洲进行连接、和内陆的发达城市进行连接。如果与北京、深圳、香港等航线直接对接以后，我们的区位优势就真正体现了，枢纽地位也就真正形成了，金融和贸易区也就真正形成了。</span></p><p style="line-height:1.6em;margin:0px 0px 0.8em;font-size:14px;padding:0px;"><span style="font-family:宋体, simsun;font-size:12px">&nbsp;&nbsp;&nbsp;&nbsp;从北京到喀什，如果直飞的话，是6~7个小时左右，从货运来讲，6个小时经停一下是最经济的，从客运来讲，坐6个小时飞机下来休息一下也是最好的。</span></p><p style="line-height:1.6em;margin:0px 0px 0.8em;font-size:14px;padding:0px;"><span style="font-family:宋体, simsun;font-size:12px">&nbsp;&nbsp;&nbsp;&nbsp;《21世纪》：铁路还没有建通，在航空成本还是很高的情况下，喀什自己的竞争优势到底在哪里？</span></p><p style="line-height:1.6em;margin:0px 0px 0.8em;font-size:14px;padding:0px;"><span style="font-family:宋体, simsun;font-size:12px">&nbsp;&nbsp;&nbsp;&nbsp;陈旭光：实际上，我们在做商贸物流方面，现在首先是围绕着空港经济，因为空中的运输费用很高，所以不可能运廉价的东西，我们希望运输奢侈品。</span></p><p style="line-height:1.6em;margin:0px 0px 0.8em;font-size:14px;padding:0px;"><span style="font-family:宋体, simsun;font-size:12px">&nbsp;&nbsp;&nbsp;&nbsp;现在中国人的购买力是很强的，到欧洲去都是大包小包的买，经济界也提出这个问题，为什么不让中国人的钱留在中国、花在中国？通过空港经济，喀什有地域优势，我们希望在喀什，就能买到欧洲的免税奢侈品，形成迅速的贸易。</span></p><p style="line-height:1.6em;margin:0px 0px 0.8em;font-size:14px;padding:0px;"><span style="font-family:宋体, simsun;font-size:12px">&nbsp;&nbsp;&nbsp;&nbsp;《21世纪》：有可能形成像海南那样的免税区吗？</span></p><p style="line-height:1.6em;margin:0px 0px 0.8em;font-size:14px;padding:0px;"><span style="font-family:宋体, simsun;font-size:12px">&nbsp;&nbsp;&nbsp;&nbsp;陈旭光：我们想建综合保税区，因为海关总署专门给我们派了有关领导，就是帮助我们建设综合保税区，我们想，海南那样的购物政策在我们这儿可能会放大，我们初步提的是最少放大三倍。至于时间，我们希望是越快越好。</span></p><p style="line-height:1.6em;margin:0px 0px 0.8em;font-size:14px;padding:0px;"><span style="font-family:宋体, simsun;font-size:12px">&nbsp;&nbsp;&nbsp;&nbsp;《21世纪》：喀什的低碳产业发展怎样？如何让喀什的经济实现弯道超车？</span></p><p style="line-height:1.6em;margin:0px 0px 0.8em;font-size:14px;padding:0px;"><span style="font-family:宋体, simsun;font-size:12px">&nbsp;&nbsp;&nbsp;&nbsp;陈旭光：喀什的太阳能资源是非常丰富的，具有得天独厚的优势，这个应该是我们今后发展的一个重点。</span></p><p style="line-height:1.6em;margin:0px 0px 0.8em;font-size:14px;padding:0px;"><span style="font-family:宋体, simsun;font-size:12px">&nbsp;&nbsp;&nbsp;&nbsp;还有，所谓的低碳发展不仅仅在能源方面，还有在我们的生活上、城市建设设计上、生态保护上。喀什的城市规划提到了“一廊三带”发展，就提到了生态保护，三带是北部生态缓冲带、中部生态休闲带、南部生态保育带。</span></p><p style="line-height:1.6em;margin:0px 0px 0.8em;font-size:14px;padding:0px;"><span style="font-family:宋体, simsun;font-size:12px">&nbsp;&nbsp;&nbsp;&nbsp;塑形、筑魂、提气</span></p><p style="line-height:1.6em;margin:0px 0px 0.8em;font-size:14px;padding:0px;"><span style="font-family:宋体, simsun;font-size:12px">&nbsp;&nbsp;&nbsp;&nbsp;“让所有人来到喀什，一看就是喀什，而不是其他城市”</span></p><p style="line-height:1.6em;margin:0px 0px 0.8em;font-size:14px;padding:0px;"><span style="font-family:宋体, simsun;font-size:12px">&nbsp;&nbsp;&nbsp;&nbsp;《21世纪》：深圳对口援建喀什，喀什可以从深圳学习到什么？</span></p><p style="line-height:1.6em;margin:0px 0px 0.8em;font-size:14px;padding:0px;"><span style="font-family:宋体, simsun;font-size:12px">&nbsp;&nbsp;&nbsp;&nbsp;陈旭光：深圳支持喀什，“东有深圳，西有喀什”，喀什不是学习深圳原有的发展路径和模式，因为深圳的发展路径和模式，和我们现在已经完全不相同了。我们学深圳学的是什么？学的是创新精神。深圳之所以在30年前到今天能创造这么辉煌的成就，最大的一条就是敢于创新、敢于突破。</span></p><p style="line-height:1.6em;margin:0px 0px 0.8em;font-size:14px;padding:0px;"><span style="font-family:宋体, simsun;font-size:12px">&nbsp;&nbsp;&nbsp;&nbsp;但是喀什与深圳有很多不同，比如说，深圳面对的是香港，背靠全国这个大市场，而喀什正好相反，面对的是相对贫穷的国家，而背靠的是强大的祖国。</span></p><p style="line-height:1.6em;margin:0px 0px 0.8em;font-size:14px;padding:0px;"><span style="font-family:宋体, simsun;font-size:12px">&nbsp;&nbsp;&nbsp;&nbsp;还有，我感觉是文化的不同，深圳在改革初期仅仅是一个3万人的小渔村，而喀什有着两千多年的历史文化，是古丝绸之路上的一颗明珠，自古以来都是中西方文化的交融荟萃之地。</span></p><p style="line-height:1.6em;margin:0px 0px 0.8em;font-size:14px;padding:0px;"><span style="font-family:宋体, simsun;font-size:12px">&nbsp;&nbsp;&nbsp;&nbsp;《21世纪》：喀什在向深圳学习的过程中，可能还会面临一些发展中的现实问题，弄不好就弄偏了，就把喀什的历史文化弱化了，面对这种冲突的时候我们怎么博弈？</span></p><p style="line-height:1.6em;margin:0px 0px 0.8em;font-size:14px;padding:0px;"><span style="font-family:宋体, simsun;font-size:12px">&nbsp;&nbsp;&nbsp;&nbsp;陈旭光：刚才我一直在讲深圳与喀什的同与不同，深圳是完全建立在小渔村上，可以建一个现代化的城市，而喀什有两千多年的历史文化，这始终是我们关注的焦点，所以我们学深圳是学深圳的创新精神，但是内容一定是喀什的。</span></p><p style="line-height:1.6em;margin:0px 0px 0.8em;font-size:14px;padding:0px;"><span style="font-family:宋体, simsun;font-size:12px">&nbsp;&nbsp;&nbsp;&nbsp;在今后的发展中我们想提这么几个词——塑形、筑魂、提气。</span></p><p style="line-height:1.6em;margin:0px 0px 0.8em;font-size:14px;padding:0px;"><span style="font-family:宋体, simsun;font-size:12px">&nbsp;&nbsp;&nbsp;&nbsp;第一，塑形，塑造喀什的形象，让所有人来到喀什，一看就是喀什，而不是其他城市。</span></p><p style="line-height:1.6em;margin:0px 0px 0.8em;font-size:14px;padding:0px;"><span style="font-family:宋体, simsun;font-size:12px">&nbsp;&nbsp;&nbsp;&nbsp;第二，铸魂，也就是找到我们喀什的魂在哪儿，我们的文化灵魂在哪儿。低碳也是一种文化、发展也是一种文化、历史也是一种文化、餐饮也是一种文化，文化渗透到社会的方方面面。</span></p><p style="line-height:1.6em;margin:0px 0px 0.8em;font-size:14px;padding:0px;"><span style="font-family:宋体, simsun;font-size:12px">&nbsp;&nbsp;&nbsp;&nbsp;第三，提气。所有资金能够汇集到这儿、所有人气汇集到这儿。你可能不一定生活在这儿，但是你可能会对喀什做贡献，形成所谓的“流动经济”。不过，人来了会产生垃圾、废气等，因为喀什生态的脆弱性，可能会有一定的成本，这些都是我们要探索和创新的方面。</span></p><p><br /></p><p>&nbsp;</p><p><br /></p>', 5, 1, '2011年11月24日', '21世纪经济报道', 'http://epaper.21cbh.com/html/2011-11/24/content_12181.htm?div=0', 0);
INSERT INTO `topic` (`tid`, `title`, `content`, `cid`, `lr`, `shijian`, `laiyuan`, `lianjie`, `status`) VALUES
(38, '喀什购物优惠政策远超海南', '<div style="border-bottom:#e1e1e1 1px solid;text-align:justify;border-left:#e1e1e1 1px solid;line-height:22px;background-color:#eff4f8;margin:8px 0px;min-height:22px;font-family:宋体;word-wrap:break-word;color:#333333;clear:both;font-size:13px;word-break:break-all;border-top:#e1e1e1 1px solid;border-right:#e1e1e1 1px solid;background-origin:initial;background-clip:initial;padding:8px 10px;" class="content_abouts">摘要：2010年5月17日至19日，中共中央、国务院在北京召开新疆工作座谈会，会后不到一个月，中办印发《中共中央国务院关于推进新疆跨越式发展和长治久安的意见》（中发〔2010〕9号）正式决定设立喀什经济开发区。赋予喀什特殊的发展使命和政策条件，力争将其建设成为中国向西开放窗口、新疆经济新的增长点和沿边开发开放试验区。</div><div style="margin:0px;word-wrap:break-word;font-size:14px;word-break:break-all;padding:0px 0px 20px;" class="content_contents"><div style="margin:0px;word-wrap:break-word;word-break:break-all;padding:0px;" class="tushuo"><p style="line-height:25px;margin:20px auto 0px;word-wrap:break-word;word-break:break-all;padding:0px;"><img style="border-right-width:0px;border-top-width:0px;border-bottom-width:0px;border-left-width:0px" src="http://pics.oeeee.com/8/56/856d7eb6d4d20fcb/Thumb/252047/dcga142605.jpg" width="459" height="749" /><span style="color:#ffffff;font-size:1px" class="nddailyhfiled">(南方都市报&nbsp;<a style="color:#ffffff;font-size:1px;text-decoration:none" href="http://www.nddaily.com/">&nbsp;www.nddaily.com</a>&nbsp;SouthernMetropolisDailyMark&nbsp;<a style="color:#ffffff;font-size:1px;text-decoration:none" href="http://www.nddaily.com/">南都网</a>)</span></p>&nbsp;&nbsp;<span style="font-size:12px"><span style="color:#3399cc;font-size:12px" label="明显强调">&nbsp;&nbsp;喀什老城。陈旭光表示老城改造尽量少拆迁或者不拆迁，将真实呈现老城区99条街巷风貌。&nbsp;&nbsp;&nbsp;&nbsp;CFP图片</span></span></div><div style="margin:0px;word-wrap:break-word;word-break:break-all;padding:0px;" class="tushuo"><p style="line-height:25px;margin:20px auto 0px;word-wrap:break-word;word-break:break-all;padding:0px;"><img style="border-right-width:0px;border-top-width:0px;border-bottom-width:0px;border-left-width:0px" src="http://pics.oeeee.com/8/56/856d7eb6d4d20fcb/Thumb/252047/dcga142610.jpg" width="454" height="662" /></p><span style="font-size:12px"><span style="color:#3399cc;font-size:12px" label="明显强调">&nbsp;&nbsp;&nbsp;&nbsp;喀什市委书记陈旭光。气候组织供图</span></span></div><div style="margin:0px;word-wrap:break-word;word-break:break-all;padding:0px;" class="tushuo"><p style="line-height:25px;margin:20px auto 0px;word-wrap:break-word;word-break:break-all;padding:0px;"><img style="border-right-width:0px;border-top-width:0px;border-bottom-width:0px;border-left-width:0px" src="http://pics.oeeee.com/8/56/856d7eb6d4d20fcb/Thumb/252047/dcga142609.jpg" /></p><p><span style="font-size:12px"><span style="color:#3399cc;font-size:12px" label="明显强调">&nbsp;&nbsp;&nbsp;&nbsp;古丝绸之路上的重要城市——喀什。CFP图片</span></span></p><p><br /></p><p><br /></p></div><p><span style="font-family:宋体, simsun;font-size:12px">　喀什市委书记陈旭光谈喀什特别经济区新战略&nbsp;喀什将打造国际“第五代新城”</span></p><p><br /></p><p><span style="font-family:宋体, simsun;font-size:12px">&nbsp;访·谈</span></p><p><br /></p><p><span style="font-family:宋体, simsun;font-size:12px">&nbsp;&nbsp;&nbsp;&nbsp;◎我们所说的“东有深圳，西有喀什”，并不是说我们要学习深圳市的发展路径。因为深圳发展的路径、模式的基础和我们是不相同的。我们学深圳学的是什么？学的是创新精神。</span></p><p><span style="font-family:宋体, simsun;font-size:12px">&nbsp;&nbsp;&nbsp;&nbsp;◎我们希望欧洲的高端消费品能够运到喀什。我们将建立综合保税区，海关总署已经专门派人来帮助我们建设，像海南这样的购物政策在我们这里一定会放大，我们初步提出至少放大三倍。</span></p><p><span style="font-family:宋体, simsun;font-size:12px">&nbsp;&nbsp;&nbsp;&nbsp;◎我们在新城建设中遵循的是尽量少拆迁或者不拆迁的原则来完成建设。我们提出拆迁以后一定要让老百姓住得好，要能致富，解决后顾之忧。(南方都市报&nbsp;&nbsp;www.nddaily.com&nbsp;SouthernMetropolisDailyMark&nbsp;南都网)</span></p><p><span style="font-family:宋体, simsun;font-size:12px"><br /></span></p><p><span style="font-family:宋体, simsun;font-size:12px">&nbsp;&nbsp;&nbsp;&nbsp;南都记者&nbsp;娜迪娅</span></p><p><span style="font-family:宋体, simsun;font-size:12px">&nbsp;&nbsp;&nbsp;&nbsp;2010年5月17日至19日，中共中央、国务院在北京召开新疆工作座谈会，会后不到一个月，中办印发《中共中央国务院关于推进新疆跨越式发展和长治久安的意见》（中发〔2010〕9号）正式决定设立喀什经济开发区。赋予喀什特殊的发展使命和政策条件，力争将其建设成为中国向西开放窗口、新疆经济新的增长点和沿边开发开放试验区。</span></p><p><span style="font-family:宋体, simsun;font-size:12px">&nbsp;&nbsp;&nbsp;&nbsp;第一只靴子落地后，外界对于喀什特区“特殊之处”的关注与推测不曾间断。另一只靴子的落地让人们等了一年有余。今年9月30日，《国务院关于支持喀什霍尔果斯经济开发区建设的若干意见》（国发〔2011〕33号）出台，这份被喀什当地官员称为“详略有度”的文件，对喀什经济开发区的定位、产业布局、扶持政策等相关问题进行了明确但广泛的论述。其中，“喀什市重点建设区域性商贸物流中心、金融贸易区和优势资源转化加工区”：“给予自取得第一笔生产经营收入所属纳税年度起企业所得税五年免征优惠”：“支持在经济开发区内设立海关特殊监管区”：“鼓励和引导各类金融机构在经济开发区内设立分支机构”等提法颇为吸引人的眼球。</span></p><p><span style="font-family:宋体, simsun;font-size:12px">&nbsp;&nbsp;&nbsp;&nbsp;方向性政策尘埃落定已一个月有余，面对国家继30年前设立沿海经济特区后再立特区的政策机遇，喀什市政府是否已做好准备？喀什主政者眼中的喀什特区未来将是如何的一幅图景？南都记者就此专访了喀什市委书记陈旭光。</span></p><p><span style="font-family:宋体, simsun;font-size:12px">&nbsp;&nbsp;&nbsp;&nbsp;喀什与深圳两个特区的三个不同</span></p><p><span style="font-family:宋体, simsun;font-size:12px">&nbsp;&nbsp;&nbsp;&nbsp;根据中央部署，未来五年，广东省（含深圳市）将安排资金96亿元对口援建喀什地区两市三县；其中，沿海特区深圳市作为唯一的计划单列市，直接对口援建如今的新特区喀什市。据深圳市对口支援新疆工作前方指挥部副总指挥刘仕哲向南都记者介绍，深圳市于去年5月16日正式开启对口支援项目。现有包括前方指挥部、挂职干部、支教队、支医队、支建队、社工队等共166人已由深圳赴喀什。去年已完成三项援疆试建项目，今年还将投入5.54亿元新建52个援建项目，包括基础设施建设，教育、卫生、富民安居、学校、道路等。</span></p><p><span style="font-family:宋体, simsun;font-size:12px">&nbsp;&nbsp;&nbsp;&nbsp;南都：深圳作为喀什的对口援建城市，你怎么看深圳特区的发展经验？(南方都市报&nbsp;&nbsp;www.nddaily.com&nbsp;SouthernMetropolisDailyMark&nbsp;南都网)</span></p><p><span style="font-family:宋体, simsun;font-size:12px">&nbsp;&nbsp;&nbsp;&nbsp;陈旭光：深圳30年创造了世界工业化、现代化、城市化发展史上的奇迹，是喀什的榜样。中央让深圳对口支援喀什，所以深圳也是喀什的老师。但深圳模式是完全不可复制的。我经常讲喀什与深圳的不同，可以总结为三点：第一，30年前，在全国都是计划经济体制下，邓小平说希望深圳能“杀出一条血路”，因此深圳在体制机制、包括拍卖土地等方方面面进行了大胆探索，这实际上就是对市场经济的探索。而喀什不一样，现在全国都是市场经济的条件下，喀什的经济还不是成熟的市场经济，原因在于喀什现在还以第一产业为主，第二、三产业的比重还不大。第二，深圳当时面对的是有繁荣市场经济的香港。而我们面对的是相对来说并不比中国繁荣的中亚、巴基斯坦等地区。第三，文化不同。深圳提出改革开放时仅仅是个3万人的小渔村，而喀什是一个有着2000多年深厚历史文化的古丝绸之路上的重要城市，是中西方文化的交会之地。相同之处在哪里？在于我们都是中国共产党的领导之下，在于喀什现在也被国家定位为特区。</span></p><p><span style="font-family:宋体, simsun;font-size:12px">&nbsp;&nbsp;&nbsp;&nbsp;实际上“东有深圳，西有喀什”是原深圳市委书记李灏1992年来喀什参加第一届观光交易会时提出来的。非常巧合，在新一轮的发展中，深圳成为了喀什市的对口支援城市。而我们所说的“东有深圳，西有喀什”，并不是说我们要学习深圳市的发展路径。因为深圳发展的路径、模式的基础和我们是不相同的。我们学深圳要学什么？学的是创新精神。深圳30年来能创造如此大的成就，可以说最重要的一条就是敢于创新、敢于突破。</span></p><p><span style="font-family:宋体, simsun;font-size:12px">&nbsp;&nbsp;&nbsp;&nbsp;南都：你提到两个城市的这三点不同能不能看做喀什发展经济特区的劣势？</span></p><p><span style="font-family:宋体, simsun;font-size:12px">&nbsp;&nbsp;&nbsp;&nbsp;陈旭光：不能这样说，喀什的优势就在于悠久的文化，初期的发展也许靠的是资源、资金的投入等等，但是发展下去就会聚焦在文化上。文化作为一种软实力、一种精神的力量，一个地方文化底蕴深厚就可能发展得更好。喀什自古以来就是东西方文明的交会之地，这应该是我们发展的优势和根本所在。</span></p><p><span style="font-family:宋体, simsun;font-size:12px">&nbsp;&nbsp;&nbsp;&nbsp;学习深圳是学其“敢为人先”精神</span></p><p><span style="font-family:宋体, simsun;font-size:12px">&nbsp;&nbsp;&nbsp;&nbsp;南都：你提到最应该学习的是深圳的精神，怎么定义这个精神？</span></p><p><span style="font-family:宋体, simsun;font-size:12px">&nbsp;&nbsp;&nbsp;&nbsp;陈旭光：就是敢闯敢试，敢为人先的精神。深圳没有可循之路，我们也没有。国家对我们的定位是内陆开放的实验区，这就是前人没有做过的，精神应该是一致的。</span></p><p><span style="font-family:宋体, simsun;font-size:12px">&nbsp;&nbsp;&nbsp;&nbsp;南都：你提到的要有敢闯敢干的精神，实际上这就意味着不能怕犯错误，但是很多人认为新疆还牵扯着稳定问题，如果犯了错误，要面对的后果会更严重，你怎么看这个问题？</span></p><p><span style="font-family:宋体, simsun;font-size:12px">&nbsp;&nbsp;&nbsp;&nbsp;陈旭光：人要怕犯错误就不会有创新，但要尽量少犯错误，有了错误要及时发现改正。谁都希望学走路的时候一跤都不摔，但是这就会保守了。因此我们既需要包容机制，也需要纠错机制。而且要强调的一点，我们说的犯错误是改革发展中可以允许犯错误，但是我们要以稳定做基础，我们的脑子要时刻保持清醒。我们说的是在发展路径上可以犯错，但是在稳定方面是要坚持原则的，我们要以喀什地区人民生活的安定作为前提。</span></p><p><span style="font-family:宋体, simsun;font-size:12px">&nbsp;&nbsp;&nbsp;&nbsp;南都：你怎么看输血与造血的关系？怎么把外部对于我们的帮助转变成自己前进的能力？</span></p><p><span style="font-family:宋体, simsun;font-size:12px">&nbsp;&nbsp;&nbsp;&nbsp;陈旭光：我想最需要学习的是观念。就像张春贤书记说的，怕的不是经济上的差距，而是思想观念上的差距。这个差距指的是什么呢？就是小富即安的思想，满足于现状，不求发展，这就没有办法创新。而在转变过程中我们要锻炼我们自己的干部，要有思想观念上的创新。我们从市领导班子抓起，围绕特区建设，学习国内外先进经验，开阔视野，寻找差距。今年我们派出了近500名干部到深圳等沿海发达地区参观学习，到清华北大研修。我们提出要运用行动学习法，所谓行动学习法就是他们自己说为什么要去那个城市学习，他说的有道理我就让他去，去了以后要到当地的党校去听课，然后要一个一个谈体会，回来以后要在周例会上给我们四套班子讲。我们希望带着问题出去学。</span></p><p><span style="font-family:宋体, simsun;font-size:12px">&nbsp;&nbsp;&nbsp;&nbsp;首先看重的是国家的金融政策支持</span></p><p><span style="font-family:宋体, simsun;font-size:12px">&nbsp;&nbsp;&nbsp;&nbsp;没有前车之鉴，没有效仿对象，喀什特区究竟应该走一条什么样的崛起之路？目前，一个由喀什市政府、深圳市城市规划设计研究院和中信碳资产管理有限公司共同组成的团队正在为喀什特区制订整体规划。据团队相关负责人介绍，现在已经成型的发展规划可概括为“第五代城市”规划。这一略显理论化的概念认为第五代城市的核心特点在于崛起方式与前四代不同。如果说此前的城市群崛起都是以土地、劳动力等资源的大量投入为依靠，那么，喀什由于处在一个生态非常脆弱，敏感度比较高的地区，则不能采用这种方式。喀什特区的目标是发展一个生态、低碳、可持续发展的城市，她主要依靠“流动经济”实现发展，充分利用喀什亚欧大陆桥的中心地位，吸引国内外的资金、信息和人流，形成一个快速的流动、交换与循环。少占建设用地，少消耗能源，少形成对环境破坏的这种方式实现喀什的崛起。</span></p><p><span style="font-family:宋体, simsun;font-size:12px">&nbsp;&nbsp;&nbsp;&nbsp;南都：你认为喀什的核心竞争力是什么？(南方都市报&nbsp;&nbsp;www.nddaily.com&nbsp;SouthernMetropolisDailyMark&nbsp;南都网)</span></p><p><span style="font-family:宋体, simsun;font-size:12px">&nbsp;&nbsp;&nbsp;&nbsp;陈旭光：应该说是政策优势、区位优势和资源优势。在这三个优势基础之上，喀什本来就是古丝绸之路上的重镇，喀什人本来就有经商的传统，这本身也是一种文化，我们如果把这种优势发展好了，就可以看做喀什的核心优势。我们要怎么支持这一点呢？就是要把通道打通，交通建好，贸易与旅游自然就能发展起来，这三者是相辅相成的。刚开始政策优势可能是最大的优势，免税和创新金融产品可能是吸引企业的主要因素。</span></p><p><span style="font-family:宋体, simsun;font-size:12px">&nbsp;&nbsp;&nbsp;&nbsp;南都：在国发33号文件中，你认为哪一点对喀什来说最为重要？</span></p><p><span style="font-family:宋体, simsun;font-size:12px">&nbsp;&nbsp;&nbsp;&nbsp;陈旭光：从文件中具体的扶持政策来看，我们首先看重的是金融贸易区。在金融方面，我们一直是国家监管，很多经济开发区都希望能在金融方面有所突破，但国家都没有明确赋予他们相关政策，而独独给予喀什在金融发展上政策支持。我想国家在做出这一决策时，是综合考虑了我们究竟应该以什么作为突破口，我们该如何结合我们的区位优势、文化优势、资源优势，以及结合我们喀什本身相对较为脆弱的状况有了非常周全的考虑，因此金融创新应该看做这次文件的一个重要亮点。</span></p><p><span style="font-family:宋体, simsun;font-size:12px">&nbsp;&nbsp;&nbsp;&nbsp;在我们的团队提出“第五代城市”的概念中有一个“流动经济”的提法，有专家提出，在一个区域范围内，经济的总量是一个支撑，如果没有这个量可能不好发展，近期我们的团队在调查研究中认为，既然这已经上升为一个国家战略，我们就应该站在一个更高的起点之上看待喀什的发展。我们为什么要强调低碳和可持续发展，就是在说别人走过的路，尤其是错误的路，我们尽量不走。此前，我在泽普工作时，上海的韩正市长在和我们交流座谈的过程中说，我们来对口援疆，不是来给你们传授经验的，而是告诉你们我们曾经走过的弯路，让你们不要走。</span></p><p><span style="font-family:宋体, simsun;font-size:12px">&nbsp;&nbsp;&nbsp;&nbsp;海南购物政策在喀什至少放大三倍</span></p><p><span style="font-family:宋体, simsun;font-size:12px">&nbsp;&nbsp;&nbsp;&nbsp;南都：你怎样看文件中提到的区</span></p><p><span style="font-family:宋体, simsun;font-size:12px">&nbsp;&nbsp;&nbsp;&nbsp;位优势？</span></p><p><span style="font-family:宋体, simsun;font-size:12px">&nbsp;&nbsp;&nbsp;&nbsp;陈旭光：我们处在亚欧大陆的中心，要想把区位优势变成经济优势，必须要通起来。我们现在认为交通要讲究快慢结合，我们将以公路和铁路为主要支柱，中塔、中吉和中巴的公路现在已经是通的，铁路还在建设中。但最快的路径是空运，现在从国家层面到自治区层面可以说是一致支持的，这次自治区八次党代会上明确提出支持喀什飞往周边其他国家的航线建设，使它尽快成为区域交通枢纽。古丝绸之路是一直通向欧洲的。喀什到巴黎的飞行时间为6个小时，喀什到北京的直飞也是六七个小时，因此如果从内地到欧洲，飞6个小时左右经停是最为经济和舒适的，因此我们在考虑“跳出中亚发展自己”，如果仅限于周边的经贸往来，可能还没有把喀什的区位优势完全发挥出来。我们希望一方面和最为发达的欧洲地区连接起来，一方面和内地的发达城市比如北京、深圳等对接。</span></p><p><span style="font-family:宋体, simsun;font-size:12px">&nbsp;&nbsp;&nbsp;&nbsp;因为空中的运输费用很高，所以我们可能以高端消费为主，我们希望欧洲的高端消费品能够运到喀什。我们将建立综合保税区，海关总署已经专门派人来帮助我们建设，像海南这样的购物政策在我们这里一定会放大，我们初步提出至少放大三倍。</span></p><p><span style="font-family:宋体, simsun;font-size:12px">&nbsp;&nbsp;&nbsp;&nbsp;南都：实际上中国的商品制造业在沿海地区已经形成了规模，喀什地区发展商贸有什么优势？怎么和沿海城市的贸易制造竞争？</span></p><p><span style="font-family:宋体, simsun;font-size:12px">&nbsp;&nbsp;&nbsp;&nbsp;陈旭光：这就涉及到商品的竞争力问题，但我们实际上是一个窗口，我们不拒绝别人的商品从我们这里走，但是我们的通道一定要有吸引力，别人才愿意走。我们考虑在发展的过程中要以商贸物流的发展带动产业，等商贸物流发展大了产业自然就会落地，不会完全依靠内地运过来。商品的竞争是各种要素的集合，资金要素、生产力要素，劳动者素质等等起作用，我相信随着发展，这些要素就会在这里聚集，形成竞争力，这需要一个过程。</span></p><p><span style="font-family:宋体, simsun;font-size:12px">&nbsp;&nbsp;&nbsp;&nbsp;迪拜的发展对我们很有借鉴意义</span></p><p><span style="font-family:宋体, simsun;font-size:12px">&nbsp;&nbsp;&nbsp;&nbsp;生于1969年的陈旭光28岁成为副县长，37岁任县委书记，42岁成为喀什市委书记。与“新疆最年轻干部”同时并称的还有他思想的开放。与陈旭光有过接触的几位政府和企业人士向记者表示，陈的思想开放程度并不亚于沿海地区干部。“塑形、铸魂、提气”是陈旭光自己总结出的喀什发展目标，“让所有的人来到喀什就知道‘这是喀什而不是别的地方’就是塑形；低碳环保、可持续的发展观念也可以看做一种文化，悠久的历史也可以看做一种文化，甚至饮食也可以看做一种文化，这就是铸魂；所有的资金、人气都汇聚于这里就是提气”。</span></p><p><span style="font-family:宋体, simsun;font-size:12px">&nbsp;&nbsp;&nbsp;&nbsp;南都：你怎么看发展和稳定之间的关系？</span></p><p><span style="font-family:宋体, simsun;font-size:12px">&nbsp;&nbsp;&nbsp;&nbsp;陈旭光：长远的稳定要靠发展，但是发展不一定能完全带来稳定。所以说在发展的过程中一定要以现代文化做引领。我认为迪拜的发展对我们很有借鉴意义，迪拜也是一个伊斯兰文化地区，为什么能快速发展成一个世界级的城市，我们很多人去了感觉迪拜的自然环境还不如喀什。她为什么发展起来了，就是因为有一个包容、共赢的文化。喀什自古以来就是中西方世界的交会地，本身就不排外，这是一个民族的优势。所以我们希望把这种包容和多元文化留在我们这里，我们就一定会比迪拜发展得还要好。所以我说到的新文化就是一种现代、开放、包容和相互欣赏的文化，如果文化之间没有冲突了，稳定就会有了。很多投资者在来的时候最担心的就是稳定问题，来了以后你就会发现实际上我们的维吾尔族人非常纯朴，热情好客，已经具备了迪拜那样包容的文化条件，只是时机还没有具备，现在国家政策支持了，时机到了，但不能否认仍然会有一些不稳定的因素，但那是极少数，形不成气候。因为各族人民都想过上安定、幸福、有安全感的生活。</span></p><p><span style="font-family:宋体, simsun;font-size:12px">&nbsp;&nbsp;&nbsp;&nbsp;南都：你是在喀什地区长大的，你对于喀什的民族关系有怎样的体会？</span></p><p><span style="font-family:宋体, simsun;font-size:12px">&nbsp;&nbsp;&nbsp;&nbsp;陈旭光：我有很多的维吾尔族朋友，他们也有很多的汉族朋友，我们坐在一起的时候可以不分民族地聊天，正是因为心里没有隔阂，才能很坦然地把问题提出来。我们都有很真切的感受，就是要团结和包容，才有希望。我所认识的维吾尔族人都怀着很朴素的宗教感情，不管哪个民族都有这样的道理，你心胸宽广了，身边才会有越来越多的朋友。我在离开泽普的时候就讲，无论我走到哪儿，我都会称自己是地地道道的泽普人，我来到喀什工作有了感情，我就是喀什人，我愿意生活在这里，我已经融入了这里。</span></p><p><span style="font-family:宋体, simsun;font-size:12px">&nbsp;&nbsp;&nbsp;&nbsp;真实呈现老城区99条街巷风貌</span></p><p><span style="font-family:宋体, simsun;font-size:12px">&nbsp;&nbsp;&nbsp;&nbsp;南都：如何使喀什特区发展后的利益让全民，让各民族共享？</span></p><p><span style="font-family:宋体, simsun;font-size:12px">&nbsp;&nbsp;&nbsp;&nbsp;陈旭光：喀什新一轮的发展一定是惠及老百姓的。现在的援疆首先是惠及到民生产业的。而且我们喀什下一步的发展将重点考虑第三产业，这是最惠及于民的产业。接下来我们将把旅游业作为喀什发展的一个亮点。我们提出老城区改造完毕之时就是老城区五星级景区打造完成之日。喀什的老城区原来有99条街巷，我们现在要求把99条街巷历史的风貌、手工艺品、生活等方方面面的样子都真实地呈现出来，比如原来的巷子是卖帽子的，那这条街就是帽子B&nbsp;aza（维吾尔语“市场”之意），卖铜壶的街就是铜壶B&nbsp;aza，将一个产业培植大以后推动旅游产业的发展。实际上旅游产业带来的直接的财政收入是比较少的，它是一个富民的产业，我们喀什在未来的发展中将更多地关注富民产业。</span></p><p><span style="font-family:宋体, simsun;font-size:12px">&nbsp;&nbsp;&nbsp;&nbsp;南都：会不会出现其他各民族混居城市已经出现的问题，例如经济发展了，但少数民族由于各种因素无法融入到主流社会中，就业问题得不到好的解决？</span></p><p><span style="font-family:宋体, simsun;font-size:12px">&nbsp;&nbsp;&nbsp;&nbsp;陈旭光：这实际上并不是一个局限于民族区别的问题，只是它发生在新疆就更容易被理解为民族问题，这个现象在很多流动人口多的大城市都会出现。实际上就业的问题是一个国家的问题而不是一个民族的问题。我们在自己的工作中认为教育的公平是最大的公平，有了知识以后才能有岗位，现在我们的双语教育开展得还比较好，多一门语言就意味着更多一些立足于社会的能力，开设汉语课程和英语课程都是这个道理。因此教育问题要处理好，接着是职业培训以及提供岗位。</span></p><p><span style="font-family:宋体, simsun;font-size:12px">&nbsp;&nbsp;&nbsp;&nbsp;喀什老城尽量少拆迁或者不拆迁</span></p><p><span style="font-family:宋体, simsun;font-size:12px">&nbsp;&nbsp;&nbsp;&nbsp;南都：在经济发展的过程中，该如何保留延续民族文化？</span></p><p><span style="font-family:宋体, simsun;font-size:12px">&nbsp;&nbsp;&nbsp;&nbsp;陈旭光：我们常在讲哪些文化是要发展的，哪些文化是要传承的。一些维吾尔族的优秀文化我们是一定要传承的，也就是我说的铸魂。尤其是维吾尔族的老城区，我们是要实现一对一重建的，包括生活方式都没有改变，只是由不抗震的变成抗震的，由简陋的变成较完善的。我们在新城建设中遵循的是尽量少拆迁或者不拆迁的原则来完成建设。我们提出拆迁以后一定要让老百姓住得好，要能致富，解决后顾之忧。但要如何提升？我想就是要建若干的风情小镇，与旅游业结合起来，让所有游客能感受到维吾尔族的真实生活状态，歌舞文化、饮食文化都可以近距离的了解。我们现在注重的是如何把地域文化与整个城市的发展有机结合起来。</span></p><p><span style="font-family:宋体, simsun;font-size:12px">&nbsp;&nbsp;&nbsp;&nbsp;我们的维吾尔族家庭都希望孩子能学好汉语。他们认为只有掌握了国家通用语言，孩子才能走出去，才能更好地就业，才能更好地融入社会。在教育资源方面，我们现在也在争取配备更好的老师。一个民族越发展，她的文化才更能发扬出去。因此民族文化的传承和现代的发展是不相冲突的。</span></p><p><span style="font-family:宋体, simsun;font-size:12px">&nbsp;&nbsp;&nbsp;&nbsp;南都：你认为现在喀什发展最大的困难是什么？</span></p><p><span style="font-family:宋体, simsun;font-size:12px">&nbsp;&nbsp;&nbsp;&nbsp;陈旭光：实际上最大的困难还是人才。我之前去了深圳，就觉得很好，就是不管谁去了，都不问你是哪里人，就看能力。我希望我们这里也能发展成这样，能够包容所有的人才，希望我们这个城市能有这样的自信，这样才能会聚越来越多的人才。</span></p><p><span style="font-family:宋体, simsun;font-size:12px">&nbsp;&nbsp;&nbsp;&nbsp;在吸引外来人才之前，要先把自己的人才用好，连自己的人才都用不好就谈不上吸引人才。此外，在和中信合作以后，我们从前希望把人才吸引来，但现在我们认为只要能够为喀什所用就可以，现在的网络等方式非常发达，因此不一定非要到喀什来。一方面，以海纳百川的胸怀，以特殊的政策，面向全球引进人才。引进方式不拘一格，不求所在不求所有只求所用。无论他工作生活地在哪里，只要能为喀什特区建设献计出力就行。</span></p></div><p>&nbsp;</p>', 5, 1, '2011年11月26日', '南方都市报', 'http://gcontent.oeeee.com/b/bb/bbb96d7adad8c94d/Blog/02f/f75473.html', 0),
(39, 'Streets of kashgar', '<div style="text-align:left;display:inline-block" id="Title_e"><h2><br /></h2></div><div id="Content"><p><span style="font-family:arial, helvetica, sans-serif;font-size:12px">This&nbsp;oasis&nbsp;city&nbsp;near&nbsp;Tajikistan&nbsp;has&nbsp;welcomed&nbsp;travelers&nbsp;since&nbsp;the&nbsp;days&nbsp;of&nbsp;the&nbsp;Silk&nbsp;Road.&nbsp;Photographer&nbsp;Wang&nbsp;Jing&nbsp;explores&nbsp;with&nbsp;his&nbsp;camera&nbsp;and&nbsp;an&nbsp;artist&#39;s&nbsp;eye.</span></p><p><span style="font-family:arial, helvetica, sans-serif;font-size:12px">Kashgar,&nbsp;or&nbsp;Kashi,&nbsp;is&nbsp;a&nbsp;place&nbsp;where&nbsp;all&nbsp;the&nbsp;Uygur&nbsp;traditions&nbsp;fuse&nbsp;and&nbsp;glitter.&nbsp;Though&nbsp;the&nbsp;city&nbsp;is&nbsp;old,&nbsp;it&#39;s&nbsp;still&nbsp;full&nbsp;of&nbsp;vitality&nbsp;with&nbsp;generations&nbsp;of&nbsp;native-born&nbsp;Uygur&nbsp;families&nbsp;displaying&nbsp;their&nbsp;passion&nbsp;for&nbsp;life.</span></p><p><span style="font-family:arial, helvetica, sans-serif;font-size:12px">Unlike&nbsp;the&nbsp;country&#39;s&nbsp;other&nbsp;old&nbsp;tourist&nbsp;attractions&nbsp;such&nbsp;as&nbsp;Lijiang,&nbsp;where&nbsp;the&nbsp;population&nbsp;changes&nbsp;constantly,&nbsp;this&nbsp;city&nbsp;in&nbsp;the&nbsp;Xinjiang&nbsp;Uygur&nbsp;autonomous&nbsp;region&nbsp;remains&nbsp;a&nbsp;home&nbsp;to&nbsp;pure&nbsp;locals&nbsp;who&nbsp;have&nbsp;lived&nbsp;here&nbsp;for&nbsp;generations.&nbsp;The&nbsp;residences&nbsp;may&nbsp;look&nbsp;shabby&nbsp;from&nbsp;outside,&nbsp;but&nbsp;they&nbsp;harbor&nbsp;a&nbsp;cozy&nbsp;feeling&nbsp;inside.&nbsp;Uygur&nbsp;people&nbsp;are&nbsp;known&nbsp;for&nbsp;their&nbsp;hospitality:&nbsp;That&#39;s&nbsp;why&nbsp;they&nbsp;always&nbsp;magnificently&nbsp;decorate&nbsp;their&nbsp;living&nbsp;rooms,&nbsp;where&nbsp;they&nbsp;receive&nbsp;visitors&nbsp;and&nbsp;friends.</span></p><p><span style="font-family:arial, helvetica, sans-serif;font-size:12px">In&nbsp;the&nbsp;old&nbsp;town&nbsp;live&nbsp;the&nbsp;traditional&nbsp;craftsmen,&nbsp;who&nbsp;have&nbsp;skills&nbsp;passed&nbsp;down&nbsp;through&nbsp;families&nbsp;for&nbsp;generations.&nbsp;They&nbsp;do&nbsp;their&nbsp;little&nbsp;business&nbsp;in&nbsp;their&nbsp;courtyards.&nbsp;Some&nbsp;have&nbsp;posted&nbsp;a&nbsp;sign&nbsp;on&nbsp;their&nbsp;houses&nbsp;to&nbsp;indicate&nbsp;their&nbsp;trade.&nbsp;The&nbsp;old&nbsp;town&nbsp;has&nbsp;complicated&nbsp;winding&nbsp;roads&nbsp;including&nbsp;some&nbsp;blind&nbsp;alleys.&nbsp;Visitors&nbsp;will&nbsp;have&nbsp;to&nbsp;rely&nbsp;on&nbsp;the&nbsp;floor&nbsp;tiles&nbsp;to&nbsp;guide&nbsp;them.&nbsp;Usually,&nbsp;roads&nbsp;with&nbsp;hexagon&nbsp;tiles&nbsp;are&nbsp;the&nbsp;ways&nbsp;out&nbsp;while&nbsp;square&nbsp;tiles&nbsp;mean&nbsp;an&nbsp;impasse.</span></p><p><span style="font-family:arial, helvetica, sans-serif;font-size:12px">Besides&nbsp;the&nbsp;old&nbsp;town,&nbsp;also&nbsp;worth&nbsp;mention&nbsp;is&nbsp;the&nbsp;Etigar&nbsp;Mosque,&nbsp;which&nbsp;is&nbsp;said&nbsp;to&nbsp;be&nbsp;one&nbsp;of&nbsp;China&#39;s&nbsp;four&nbsp;largest&nbsp;Mosques.&nbsp;Surrounding&nbsp;the&nbsp;Etigar&nbsp;Mosque&nbsp;are&nbsp;streets&nbsp;jammed&nbsp;with&nbsp;dazzling&nbsp;craft&nbsp;shops,&nbsp;selling&nbsp;instruments,&nbsp;bronze&nbsp;ware,&nbsp;wooden&nbsp;furniture,&nbsp;gold&nbsp;plates,&nbsp;blankets&nbsp;and&nbsp;other&nbsp;goods.&nbsp;These&nbsp;shops&nbsp;usually&nbsp;consist&nbsp;of&nbsp;a&nbsp;store&nbsp;in&nbsp;the&nbsp;front&nbsp;and&nbsp;a&nbsp;workshop&nbsp;in&nbsp;the&nbsp;backyard.&nbsp;Visitors&nbsp;are&nbsp;welcome&nbsp;to&nbsp;enter&nbsp;any&nbsp;of&nbsp;these&nbsp;workshops&nbsp;to&nbsp;watch&nbsp;the&nbsp;craft-making&nbsp;in&nbsp;progress.</span></p><p><span style="font-family:arial, helvetica, sans-serif;font-size:12px">The&nbsp;streets&nbsp;are&nbsp;full&nbsp;of&nbsp;fascinating&nbsp;people.&nbsp;Old&nbsp;men&nbsp;are&nbsp;drinking&nbsp;tea&nbsp;or&nbsp;smoking&nbsp;while&nbsp;thinking,&nbsp;young&nbsp;people&nbsp;are&nbsp;busy&nbsp;with&nbsp;their&nbsp;handiwork,&nbsp;apprentices&nbsp;run&nbsp;back&nbsp;and&nbsp;forth.&nbsp;Muslim&nbsp;women&nbsp;wearing&nbsp;veils&nbsp;occasionally&nbsp;walk&nbsp;by.&nbsp;Everybody&nbsp;is&nbsp;quiet&nbsp;and&nbsp;polite.&nbsp;But&nbsp;whenever&nbsp;you&nbsp;have&nbsp;a&nbsp;question,&nbsp;you&nbsp;will&nbsp;always&nbsp;get&nbsp;an&nbsp;answer&nbsp;with&nbsp;admirable&nbsp;details.</span></p><p>&nbsp;</p></div><p>&nbsp;</p><table style="border-bottom-color:#ffffff;border-right-width:0px;background-color:#ffffff;border-top-color:#ffffff;width:80px;border-top-width:0px;border-bottom-width:0px;height:40px;border-right-color:#ffffff;border-left-color:#ffffff;border-left-width:0px" border="0" cellspacing="1" bordercolorlight="#ffffff" bordercolordark="#ffffff" cellpadding="1" align="center"><tbody><tr><td style="background-color:#ffffff;min-height:16px" valign="middle" align="center"><center><a href="http://www.chinadaily.com.cn/usa/china/2011-11/27/content_14169280_3.htm" target="_self"><img style="border-right-width:0px;margin:0px;border-top-width:0px;border-bottom-width:0px;border-left-width:0px;padding:0px;" id="4328884" border="0" alt="Streets of Kashgar" align="center" src="http://www.chinadaily.com.cn/usa/china/attachement/jpg/site1/20111127/0013729e42ea103bc73a0d.jpg" /></a></center></td></tr><tr style="font-size:13px"><td style="background-color:#ffffff;min-height:16px" valign="middle" align="center"><p><span style="font-family:arial, helvetica, sans-serif;font-size:12px">Youngsters&nbsp;feed&nbsp;pigeons&nbsp;in&nbsp;front&nbsp;of&nbsp;the&nbsp;Id&nbsp;Kah&nbsp;Mosque.&nbsp;</span></p></td></tr></tbody></table><p style="clear:both"><br /></p><table style="border-bottom-color:#ffffff;border-right-width:0px;background-color:#ffffff;border-top-color:#ffffff;width:80px;border-top-width:0px;border-bottom-width:0px;height:40px;border-right-color:#ffffff;clear:both;font-size:13px;border-left-color:#ffffff;border-left-width:0px" border="0" cellspacing="1" bordercolorlight="#ffffff" bordercolordark="#ffffff" cellpadding="1" align="center"><tbody><tr><td style="background-color:#ffffff;min-height:16px" valign="middle" align="center"><center><a href="http://www.chinadaily.com.cn/usa/china/2011-11/27/content_14169280_3.htm" target="_self"><img style="border-right-width:0px;margin:0px;border-top-width:0px;border-bottom-width:0px;border-left-width:0px;padding:0px;" id="4328885" border="0" alt="Streets of Kashgar" align="center" src="http://www.chinadaily.com.cn/usa/china/attachement/jpg/site1/20111127/0013729e42ea103bc7450e.jpg" /></a></center></td></tr><tr><td style="background-color:#ffffff;min-height:16px" valign="middle" align="center"><p><span style="font-family:arial, helvetica, sans-serif;font-size:12px">Folk&nbsp;performances&nbsp;feature&nbsp;traditional&nbsp;instruments&nbsp;and&nbsp;colorful&nbsp;costumes.&nbsp;</span></p></td></tr></tbody></table><p style="clear:both">&nbsp;</p><table style="border-bottom-color:#ffffff;border-right-width:0px;background-color:#ffffff;border-top-color:#ffffff;width:80px;border-top-width:0px;border-bottom-width:0px;height:40px;border-right-color:#ffffff;font-size:13px;border-left-color:#ffffff;border-left-width:0px" border="0" cellspacing="1" bordercolorlight="#ffffff" bordercolordark="#ffffff" cellpadding="1" align="center"><tbody><tr><td style="background-color:#ffffff;min-height:16px" valign="middle" align="center"><center><img style="border-right-width:0px;margin:0px;border-top-width:0px;border-bottom-width:0px;border-left-width:0px;padding:0px;" id="4328886" alt="Streets of Kashgar" align="center" src="http://www.chinadaily.com.cn/usa/china/attachement/jpg/site1/20111127/0013729e42ea103bc7530f.jpg" /></center></td></tr><tr><td style="background-color:#ffffff;min-height:16px" valign="middle" align="center"><p><span style="font-family:arial, helvetica, sans-serif;font-size:12px">Locally&nbsp;made&nbsp;hats&nbsp;are&nbsp;popular&nbsp;with&nbsp;residents&nbsp;and&nbsp;souvenir-seeking&nbsp;tourists&nbsp;alike.&nbsp;</span></p></td></tr></tbody></table><p style="clear:both"><br /></p><p>&nbsp;</p><p>&nbsp;</p>', 5, 1, '2011年11月27日', ' 中国日报', 'http://www.chinadaily.com.cn/usa/china/2011-11/27/content_14169358.htm', 0),
(59, '空中新丝路喀什论坛成功举行', '<p><img style="float:none" border="0" hspace="0" src="http://www.chinakri.org/aqadmin/attachments/133/512/33/44.jpg" /><br /></p><p><span style="font-family:宋体, simsun;font-size:12px"><span style="font-family:宋体, simsun;color:#000000;font-size:12px" label="明显强调">喀什地委委员热甫卡提努热合曼致辞</span></span><br /></p><p><span style="font-family:宋体, simsun;font-size:12px" class="Apple-style-span"><br /></span></p><p style="text-indent:2em"><span style="font-family:宋体, simsun;font-size:12px" class="Apple-style-span">（2012年4月22日，新疆喀什）为庆祝香港至喀什直航首飞圆满成功，并进一步探讨喀什特区未来发展方向，喀什地委、地区行署、喀什市委、市政府、喀什航空旅游服务有限责任公司、喀什发展投资控股有限责任公司共同举办了“空中新丝路”喀什论坛。喀什地委委员、喀什经济开发区党工委书记、喀什市市委书记陈旭光，喀什地委委员热甫卡提·努热合曼，喀什行署副专员王勇智，喀什行署副秘书长、口岸委主任林宏信，喀什地区旅游局副局长艾尼瓦尔·吐尔逊，以及喀什航空旅游服务有限责任公司董事长范汉熙、喀什发展投资控股有限责任公司代表、东南亚及香港地区投资机构成员、旅游行业人士以及香港新疆两地媒体共百余人出席了本次论坛。</span><span style="font-family:times;font-size:medium" class="Apple-style-span"><br /></span><span style="font-family:times;font-size:medium" class="Apple-style-span"><br /></span><span style="font-family:宋体, simsun;font-size:12px" class="Apple-style-span"><img style="float:none" border="0" hspace="0" src="http://www.chinakri.org/aqadmin/attachments/133/512/34/24.jpg" /><br /></span></p><p><span style="font-family:宋体, simsun;font-size:12px" class="Apple-style-span"><span style="font-family:宋体, simsun;color:#000000;font-size:12px" label="明显强调">喀什市委书记陈旭光致辞</span><br /></span></p><p><span style="font-family:宋体, simsun;font-size:12px" class="Apple-style-span"><br /></span></p><p style="text-indent:2em"><span style="font-family:宋体, simsun;font-size:12px" class="Apple-style-span">本着积极践行中央发展喀什经济开发区政策的宗旨，论坛在热烈友好的气氛下顺利进行。主办方和与会嘉宾们就发展第五代城市，充分发挥喀什经济开发区的优惠政策和区位优势，发展旅游航空等现代服务产业，以及落实海外招商引资政策等方面进行广泛和深入的研讨，并达成了富有成效的共识。</span></p><p style="text-indent:2em"><span style="font-family:宋体, simsun;font-size:12px" class="Apple-style-span">此次论坛中，喀什特区经济政策成为现场关注的一个重要话题。喀什作为我国向西开放的重要窗口，随着香港至喀什直航航线的开通，将进一步发挥喀什的政策优势、特殊区位优势，发挥口岸和交通枢纽的作用，加强与中亚、南亚、中东和东欧国家的经贸合作，将喀什市建设成为我国西部地区重要的对外开放门户城市和区域中心城市，在推进新疆跨越式发展和促进我国向西开放大局中发挥更大的作用。与会嘉宾纷纷发言，对喀什特区的开放合作平台表示了浓厚兴趣，未来将与喀什实现优势互补、互利互惠、共同发展。</span><span style="font-family:times;font-size:medium" class="Apple-style-span"><br /></span><span style="font-family:times;font-size:medium" class="Apple-style-span"><br /></span><span style="font-family:宋体, simsun;font-size:12px" class="Apple-style-span"><img style="float:none" border="0" hspace="0" src="http://www.chinakri.org/aqadmin/attachments/133/512/34/64.jpg" /><br /></span></p><p><span style="font-family:宋体, simsun;font-size:12px" class="Apple-style-span"><span style="font-family:宋体, simsun;color:#000000;font-size:12px" label="明显强调">喀什航旅成立剪彩仪式</span><br /></span></p><p><span style="font-family:宋体, simsun;font-size:12px" class="Apple-style-span"><img style="float:none" border="0" hspace="0" src="http://www.chinakri.org/aqadmin/attachments/133/512/35/28.jpg" /><br /></span></p><p><span style="font-family:宋体, simsun;font-size:12px" class="Apple-style-span"><span style="font-family:宋体, simsun;color:#000000;font-size:12px" label="明显强调">喀什航旅董事长范总致辞</span><br /></span></p><p><span style="font-family:宋体, simsun;font-size:12px" class="Apple-style-span"><img style="float:none" border="0" hspace="0" src="http://www.chinakri.org/aqadmin/attachments/133/512/35/54.jpg" /><br /></span></p><p><span style="font-family:宋体, simsun;font-size:12px" class="Apple-style-span"><span style="font-family:宋体, simsun;color:#000000;font-size:12px" label="明显强调">喀什地区行署副专员王勇智讲话</span><br /></span></p><p><span style="font-family:宋体, simsun;font-size:12px" class="Apple-style-span"><br /></span></p><p><span style="font-family:宋体, simsun;font-size:12px" class="Apple-style-span"><br /></span></p><p style="text-indent:2em"><span style="font-family:宋体, simsun;font-size:12px" class="Apple-style-span"><span style="line-height:0px;display:none" id="_baidu_bookmark_start_64"><span style="line-height:0px;display:none" id="_baidu_bookmark_start_66"><span style="line-height:0px;display:none" id="_baidu_bookmark_start_69">&nbsp;&nbsp;&nbsp;&nbsp;&nbsp;<span style="line-height:0px;display:none" id="_baidu_bookmark_start_81">﻿</span>﻿<span style="line-height:0px;display:none" id="_baidu_bookmark_start_71">﻿</span></span>﻿</span>﻿<span style="line-height:0px;display:none" id="_baidu_bookmark_start_77">﻿</span></span>此外，为进一步落实“空中丝绸之路”建设，发挥喀什国际航空港的重要作用，推动旅游文化产业的发展。喀什市政府特别成立了喀什航空旅游服务有限责任公司(以下简称喀什航旅)，并在论坛上举行了揭牌成立仪式。喀什航旅的成立，标志了喀什正式着手打造生态旅游、民俗文化等多样性的旅游文化产业，将旅游文化资源优势转化为现代经济产业优势、推动全市产业转型升级的决心。喀什航旅总经理范汉熙表示，喀什航旅主要承担未来喀什航空运营、航空及相关配套服务等业务。可以说喀什航旅的成立，是推动喀什空港经济发展的里程碑。同时，当天喀什地委地区行署与香港中国旅游协会交换了合作协议,旨在进一步推动香港喀什两地旅游文化交流与发展，是此次直航通航后对外开放、发展经济的重要战略部署。</span><span style="font-family:宋体, simsun;font-size:12px" class="Apple-style-span">论坛上，就喀什未来旅游文化产业的发展议题也进行了深入探讨。喀什地区旅游协会副会长王娟女士表示，未来将通过旅游文化资源的整合，建立行业标准，扩大对外开放的形式，使喀什未来旅游产业发展更加规模化、市场化和国际化。据了解，即将于今年6月份举办的第八届新疆喀什〓中亚南亚商品交易会，将突破往届规模，升级打造为一次更加国际化、更具权威性的高端商品交易会，预计将吸引来自东亚、南亚、中亚等众多知名海外企业的积极参与。</span></p><p style="text-indent:2em"><span style="font-family:times;font-size:medium" class="Apple-style-span"><span style="line-height:0px;display:none" id="_baidu_bookmark_end_67">﻿</span><span style="line-height:0px;display:none" id="_baidu_bookmark_end_65">﻿<span style="line-height:0px;display:none" id="_baidu_bookmark_end_72">﻿</span></span></span><span style="font-family:宋体, simsun;font-size:12px" class="Apple-style-span"><span style="line-height:0px;display:none" id="_baidu_bookmark_start_73"><span style="line-height:0px;display:none" id="_baidu_bookmark_start_79">﻿</span>﻿<span style="line-height:0px;display:none" id="_baidu_bookmark_start_75">﻿</span></span>喀什市委书记陈旭光表示：“借助香港-喀什直航航线的开通和本次‘空中新丝路’论坛的丰硕成果，喀什将大力发展以旅游文化产业为代表的绿色产业群，发展以低能耗、高产出为特征的‘流动经济’。在有效保护生态环境、可持续开发利用资源的基础上，喀什将继承人文历史交融的城市精神，建立自然和谐、经济高效的宜居城市。”</span><br /><span style="line-height:0px;display:none" id="_baidu_bookmark_end_74">﻿<span style="line-height:0px;display:none" id="_baidu_bookmark_end_76">﻿<span style="line-height:0px;display:none" id="_baidu_bookmark_end_80">﻿</span></span></span></p>', 5, 1, '2012年4月22日', '', '', 0);
INSERT INTO `topic` (`tid`, `title`, `content`, `cid`, `lr`, `shijian`, `laiyuan`, `lianjie`, `status`) VALUES
(40, '中亚资源通道喀什破题', '<p style="text-indent:2em"><span style="font-family:宋体, simsun;font-size:12px">在地图上，沿着喀什地区长达888.5公里的边境线向外望去，处于帕米尔高原北麓，塔克拉玛干大沙漠西缘的喀什地区，有巴基斯坦、塔吉克斯坦、吉尔吉斯斯坦、阿富汗、印度、土库曼斯坦、乌兹别克斯坦、哈萨克斯坦八国与之接壤或毗邻，无疑，作为中国“西大门”的它具有着重要的战略地位。</span><span style="font-family:宋体, simsun;font-size:12px">再将地图切换为铁路交通图，从喀什出发，向西可以经中亚、伊朗和土耳其到欧洲；向南则可以走巴基斯坦的白沙瓦到卡拉奇，再经阿拉伯海到中东和欧洲，或者通过巴基斯坦到伊朗，再到其他中东国家和欧洲，这也意味着，一旦喀什接通了对外铁路线，一条可以延伸到中国内地的西部资源通路也将形成。</span></p><p style="text-indent:2em"><span style="font-family:宋体, simsun;font-size:12px"></span><span style="font-family:宋体, simsun;font-size:12px">今年10月8日，《关于支持喀什霍尔果斯经济开发区建设的若干意见》在中央人民政府门户网站公布，并将喀什、霍尔果斯经济开发区定位为中国向西开放的重要窗口和新疆跨越式发展新的经济增长点，中央人民政府和国务院对喀什地区未来发展寄望可见一斑。</span></p><p style="text-indent:2em"><span style="font-family:宋体, simsun;font-size:12px"></span><span style="font-family:宋体, simsun;font-size:12px">就在前不久，《第一财经日报》记者获悉，已经探讨多年的中吉乌跨境铁路不仅在今年初通过“预可研”审查工作，并且决定中国段工程将于明年正式开始建设，上述通路将从此破题。也是因此，本报在派记者前往喀什实地调查和采访的基础上，推出“喀什通路”专题。</span></p><p style="text-indent:2em"><span style="font-family:宋体, simsun;font-size:12px"></span><span style="font-family:宋体, simsun;font-size:12px">如果你对新疆喀什的了解仅仅停留在国务院颁布的《关于支持喀什霍尔果斯经济开发区建设的若干意见》的政策层面，那么不妨想象一下，有一天喀什地区成为中国海运以外最大的石油进口铁路枢纽，同时，它还是中亚地区优质铁矿石、金矿石等矿产资源向中国输入的重要通道，你就会理解这座城市未来将会显现出多大的战略和经济价值。</span></p><p style="text-indent:2em"><span style="font-family:宋体, simsun;font-size:12px"></span><span style="font-family:宋体, simsun;font-size:12px">《第一财经日报》记者近日从权威渠道获悉，已经探讨多年的中吉乌跨境铁路不仅在今年初通过了“预可研”审查工作，并且决定中国段工程将于明年正式开始建设。这也意味着上述蓝图将迈出具有实质性的一步。</span></p><p style="text-indent:2em"><span style="font-family:宋体, simsun;font-size:12px"></span><span style="font-family:宋体, simsun;font-size:12px">在喀什地区，沿着中吉乌铁路设计建设的路线，古代丝绸之路已被平整的柏油马路所代替，但沿途不绝的大型机械设备，却仍然在提示着，即便千年过去，这里也仍不改通向中亚咽喉要地的地位。</span></p><p style="text-indent:2em"><span style="font-family:宋体, simsun;font-size:12px"></span><strong><span style="font-family:宋体, simsun;font-size:12px">新、老丝路</span></strong></p><p style="text-indent:2em"><span style="font-family:宋体, simsun;font-size:12px"></span><span style="font-family:宋体, simsun;font-size:12px">距离喀什市57公里的吐尔尕特口岸是喀什地区对外经贸的主要口岸之一，而这里也将成为中吉乌铁路建设的必经之地。</span><span style="font-family:宋体, simsun;font-size:12px">离开市区，汽车从喀什出发一路向东北方向行驶，在去往乌恰县的省道上，最初仍有几个疏疏落落的县乡，不过再行驶出10公里左右的距离，已经进入连绵不绝的荒山之中，而远处依稀可见白雪积压的山峰。</span></p><p style="text-indent:2em"><span style="font-family:宋体, simsun;font-size:12px"></span><span style="font-family:宋体, simsun;font-size:12px">一位当地人向本报记者介绍，这里是通往中亚地区古代丝绸之路的重要通道之一，曾经作为跨越中西最重要的交通工具——驼队，正是沿着我们汽车行驶的路线前进。</span><span style="font-family:宋体, simsun;font-size:12px">不过，随着中国的丝绸产品不再成为欧亚大陆上贵重的奢侈品，以及海运的成本优势取代了陆路运输，古丝绸之路最终消失在历史的舞台中，那条代表着古代繁荣商贸的交通要道，现在已经被柏油马路所取代。</span></p><p style="text-indent:2em"><span style="font-family:宋体, simsun;font-size:12px"></span><span style="font-family:宋体, simsun;font-size:12px">回荡在历史长河中穿梭往来的驼铃声已经不再，而道路两旁停靠的推土机、挖掘机等施工设备，也预示着这里即将发生的变化。</span><span style="font-family:宋体, simsun;font-size:12px">“这里正在建设一条高等级公路，公路将连接几个重要口岸，公路建成后通商往来的交通将更加便捷。”喀什市经贸委汪和平科长说。</span><span style="font-family:宋体, simsun;font-size:12px">不过，对于吉尔吉斯斯坦和乌兹别克斯坦丰富的矿产资源而言，即使依靠大型货车的运输也无法满足贸易的需求。在陆路交通方面，铁路仍然是集成本优势和规模优势为一体的运输方式。</span></p><p style="text-indent:2em"><span style="font-family:宋体, simsun;font-size:12px"></span><span style="font-family:宋体, simsun;font-size:12px">即将修建的中吉乌铁路中国段的设计规划正在不远处与这条公路平行建设。“按照最初的计划，中吉乌铁路中国段的建设本应该从今年就开始，不过因为铁道部资金的压力，一些项目被暂时停下来，这条铁路的开工时间也被推迟到2012年。”上述知情人士透露。</span><span style="font-family:宋体, simsun;font-size:12px">铁路通车后，通过喀什地区进入新疆维吾尔自治区的铁路网，来自中亚的货物将会顺利运往全国各地。</span></p><p style="text-indent:2em"><span style="font-family:宋体, simsun;font-size:12px"></span><span style="font-family:宋体, simsun;font-size:12px">中吉乌铁路的中国段建设，将以南疆铁路喀什站为终点，经中国与吉尔吉斯斯坦边境的吐尔尕特山口，再经吉尔吉斯斯坦的卡拉苏，至乌兹别克斯坦的安集延。该条铁路铁路全长约504公里，其中中国境内175.9公里，吉尔吉斯斯坦境内278.1公里，乌兹别克斯坦境内约50公里。</span><span style="font-family:宋体, simsun;font-size:12px">而按照项目前期的投资成本测算，仅中国段的投资预计将达到83亿元。而在前不久，吉尔吉斯斯坦政府总理阿塔姆巴耶夫曾公开表示，吉尔吉斯斯坦将放弃先前吉中两国探讨的“资源换项目”融资方式，改为探讨利用中方援助贷款等办法建设中吉乌铁路。这也意味着，整条铁路中国的投资至少在200亿以上。</span><span style="font-family:宋体, simsun;font-size:12px">不过，中吉乌铁路是新亚欧大陆桥的重要组成部分，它的修建将改变新疆乃至整个中国西部的交通格局，可构成第二亚欧大陆桥的南部通道，形成东亚通往中亚、西亚和南欧的新的便捷通道。</span></p><p style="text-indent:2em"><span style="font-family:宋体, simsun;font-size:12px"></span><span style="font-family:宋体, simsun;font-size:12px">在中国社会科学院俄罗斯东欧中亚研究所副研究员赵会荣看来，中国与中亚国家在交通方面的建设，是建立互利、和谐的欧亚战略格局的重要组成部分。对中国而言，在西部方向上的三条重要交通要道，除了一条通过俄罗斯到欧洲，另一条经过哈萨克斯坦，第三条战略要道就是通过塔吉克斯坦和吉尔吉斯斯坦。</span><span style="font-family:宋体, simsun;font-size:12px">喀什正好位于第三条战略要道的枢纽点上，这里也恰恰是中亚国家和俄罗斯的利益所在，中国与中亚国家互利发展的合作意向也得到这些国家的呼应。</span></p><p style="text-indent:2em"><span style="font-family:宋体, simsun;font-size:12px"></span><strong><span style="font-family:宋体, simsun;font-size:12px">等待的商机</span></strong></p><p style="text-indent:2em"><span style="font-family:宋体, simsun;font-size:12px"></span><span style="font-family:宋体, simsun;font-size:12px">“几年前，就有很多国内的商人在吉尔吉斯斯坦和乌兹别克斯坦买了矿山，当地也有很多煤矿、铁矿，甚至金矿，就是等着这条铁路建成后能够和中国做贸易，虽然中亚国家比较穷，但它的很多东西恰恰是中国要进口的，但是因为交通问题无法出口也影响了他们的发展。”在谈到对邻国的贸易时，吐尔尕特海关的副关长阿不力米这样感慨道。</span><span style="font-family:宋体, simsun;font-size:12px">因为阿不力米的名字太长，在这里大家都叫他阿米，他自己也早已习惯了这个亲切的称呼。</span></p><p style="text-indent:2em"><span style="font-family:宋体, simsun;font-size:12px"></span><span style="font-family:宋体, simsun;font-size:12px">在吐尔尕特口岸，今年1到10月的进出口总量接近39万吨，其中出口35万吨，进口只有4万多吨。不过，这里已经是喀什地区内仅次于伊尔克什坦的第二大口岸。</span><span style="font-family:宋体, simsun;font-size:12px">吐尔尕特口岸距离吉尔吉斯斯坦的边境线还有109公里，沿途都是荒山围绕的无人区。1995年，国务院批准口岸从艰苦的边境地区迁到现址所在地——帕托。</span><span style="font-family:宋体, simsun;font-size:12px">“边境地区海拔3700多米，环境非常恶劣，而且那里周围都是山，面积太小，无法满足货物的存储等功能。于是口岸转移到海拔2000米左右的现址。口岸现在设计的年存储能力达到100万吨。”阿米说。</span></p><p style="text-indent:2em"><span style="font-family:宋体, simsun;font-size:12px"></span><span style="font-family:宋体, simsun;font-size:12px">在口岸等待通关的区域，只有几辆小型的越野车等待通关，不过从汽车上搭载的物品可以看出，这些应为来自异国等待通关游客所搭乘。</span><span style="font-family:宋体, simsun;font-size:12px">这座曾经代表着中苏关系的口岸，也随着两国的变化而从兴到衰，然后再次走向繁荣。这个1953年建成的口岸，自建成至1963年在中苏两国以大宗贸易为主，进口产品包括原油、化肥、钢铁等重要物资，而随着中苏关系恶化，到1983年的20年间，口岸一直处于关闭状态。1983年12月23日，经中苏两国协商，口岸再次开放，业务量也逐年提升。</span><span style="font-family:宋体, simsun;font-size:12px">不过，由于中亚国家的经济情况，和目前的交通受限，全方位的贸易仍然难以开展起来。根据口岸提供的数据，2010年吐尔尕特口岸进出口货运量达到34.1万吨，货值仅15.72亿美元。</span></p><p style="text-indent:2em"><span style="font-family:宋体, simsun;font-size:12px"></span><span style="font-family:宋体, simsun;font-size:12px">“目前，我们口岸主要出口的产品包括纺织品、小型机械设备、日用百货，而进口货物以牛羊皮张、废钢铁、废铜、废铝为主，额外还有一些当地的农产品。”阿米说。</span></p><p style="text-indent:2em"><span style="font-family:宋体, simsun;font-size:12px"></span><span style="font-family:宋体, simsun;font-size:12px">面临这样情况的不仅仅是吐尔尕特一个口岸，喀什地区下辖的四个口岸中，包括卡拉苏、红其拉破、伊尔克什坦，进出口产品的种类基本相同。进出口的货运总量也仅仅实现100万吨左右。</span><span style="font-family:宋体, simsun;font-size:12px">在阿米看来，喀什地区的边贸规模如此小，并不是产品没有市场，而是交通受限所导致。阿米认为，这已经是他们与相邻的吉尔吉斯斯坦和乌兹别克斯坦提高贸易往来的最大瓶颈。</span><span style="font-family:宋体, simsun;font-size:12px">“我们也从吉尔吉斯斯坦进口过重油、煤炭等，虽然在当地价格很便宜，但是运输的成本太高，消耗也大，而且从吉尔吉斯斯坦到吐尔尕特口岸的路途中，风沙很大、如果降雪后公路运输更难，所以很难成规模。”阿米说。</span></p><p style="text-indent:2em"><span style="font-family:宋体, simsun;font-size:12px"></span><span style="font-family:宋体, simsun;font-size:12px">阿米给我们算了一笔账，从口岸到吉尔吉斯斯坦首都比什凯克有500多公里，一辆限重35吨，而且高度不能超过规定闸口的货车运费，在最高时可以涨到三万。</span><span style="font-family:宋体, simsun;font-size:12px">新疆的口岸贸易一直就是单单依靠公路，而且目前没有高等级的公路，现在跑起来很慢，不过，即使国内部门的高等级公路贯通了，境外路况不配套也是问题。</span><span style="font-family:宋体, simsun;font-size:12px">“唯一解决的办法就是修铁路。把铁路修过去，这样运力加大，成本就降低了，大宗产品可以直接过来，你看比如煤炭、矿石都可以过，而且是大批量的，这样对喀什的经济发展那就影响大了。”阿米说。</span></p><p style="text-indent:2em"><span style="font-family:宋体, simsun;font-size:12px"></span><strong><span style="font-family:宋体, simsun;font-size:12px">关税同盟的隐忧</span></strong></p><p style="text-indent:2em"><span style="font-family:宋体, simsun;font-size:12px"></span><span style="font-family:宋体, simsun;font-size:12px">不过，包括赵会荣在内的多位专家，在谈及中亚战略时都在关注一个问题，就是已经由俄罗斯、白俄罗斯、哈萨克斯坦三国成立的关税同盟，以及它对中亚国家的辐射。</span></p><p style="text-indent:2em"><span style="font-family:宋体, simsun;font-size:12px"></span><span style="font-family:宋体, simsun;font-size:12px">俄白哈三国关税同盟将从2010年1月1日起正式成立，同年7月6日，伴随着俄、白、哈三国关税同盟海关法正式生效，三国关税同盟终于走向了实体化的第一步，而目前吉尔吉斯斯坦正在积极申请加入关税同盟当中。</span></p><p style="text-indent:2em"><span style="font-family:宋体, simsun;font-size:12px"></span><span style="font-family:宋体, simsun;font-size:12px">国家海关总署在公布2011年上半年新疆边贸口岸进出口情况时强调，俄、白、哈关税同盟贸易转移效应初现，需要关注新疆口岸对哈、对吉出口贸易受到的冲击。</span><span style="font-family:宋体, simsun;font-size:12px">报告表示，关税同盟影响最大的是物流走向发生了变化。从哈萨克斯坦2010年的贸易统计数据可以看出，哈萨克斯坦从俄、白进口货物比重加大，表明哈国开始注重利用同盟有利条件，加大从俄、白进口，而我国对哈部分出口贸易受到冲击；加之，俄罗斯和白俄罗斯还借道哈萨克斯坦对其他国家扩大出口。</span></p><p style="text-indent:2em"><span style="font-family:宋体, simsun;font-size:12px"></span><span style="font-family:宋体, simsun;font-size:12px">此外，吉尔吉斯斯坦从宣布加入三国关税同盟后，对中国出口至该国的部分货物大幅提高进口关税，加之清关费用有所上升，中国货物原本经吉国转道哈国的线路已经失去意义，吉尔吉斯斯坦的中转枢纽地位已经丧失。</span></p><p style="text-indent:2em"><span style="font-family:宋体, simsun;font-size:12px"></span><span style="font-family:宋体, simsun;font-size:12px">正在当地进行调研的国家商务部研究院相关人士在接受本报记者采访时表示，因为交通受限，中国和中亚的贸易很难在规模上开展起来，或者只能绕道而行。这也使得中亚各国愿意倾向于关税同盟一方，因为该同盟确实对其本国的发展有利。</span><span style="font-family:宋体, simsun;font-size:12px">“以吉尔吉斯斯坦为例，如果不加入关税同盟对其边贸就是一道坎，一个壁垒。与上述三国的贸易过程中需要交纳相对高额的关税。而目前中吉的口岸贸易中，因为该国主要的优势——矿产、煤炭等资源产品又无法运进中国。再加上该国的经济状况比较贫困，与中国贸易长期处于逆差的情况下，肯定是受不了的。因此一定会更加倾向于加入这个组织。”上述商务部研究院相关人士说。</span></p><p style="text-indent:2em"><span style="font-family:宋体, simsun;font-size:12px"></span><span style="font-family:宋体, simsun;font-size:12px">不过，在上述人士看来，目前关税同盟对我国的影响不是很大，因为俄罗斯的工业产品，特别是轻工业并不丰富，而俄、白、哈三国的经济结构上也有很多的同质，而在这方面中国与这些国家却是互补的。</span></p><p style="text-indent:2em"><span style="font-family:宋体, simsun;font-size:12px"></span><span style="font-family:宋体, simsun;font-size:12px">“对于这些国家来说，本意是想把自己做大，以前我们和他们三个分别谈，现在和他们一起谈，明显他们就有优势了。”上述人士说，要争取到和这些国家的贸易便捷化、降低贸易过程中的关税和壁垒，只有等到铁路修建完成后，形成足够的贸易规模才能够谈起。</span></p><p><br /></p><p>&nbsp;</p>', 5, 1, '2011年11月30日', '第一财经日报', 'http://www.yicai.com/news/2011/11/1235491.html', 0),
(41, '喀什特区战略发展研究院在北京成立', '<p style="text-indent:2em"><span style="font-size:12px">（2011年12月15日，北京）在新疆喀什市政府的主导下，&nbsp;“喀什特区战略发展研究院”今天在北京正式成立。该研究院将汇聚国内外各领域的精英，为国家西部开放战略提供参考，并作为智囊为喀什特殊经济开发区的长期、健康、创新、可持续发展出谋划策。喀什地委委员、喀什经济开发区党工委书记、市委书记陈旭光；喀什地委委员、行署副专员、喀什经济开发区管委会主任、深圳对口援疆前方指挥部总指挥朱廷峰；喀什经济开发区管委会副主任常亮；喀什市委副书记冯景山；喀什市委常委、常务副市长邓慧江等喀什当地领导出席了会议。[受邀参加活动的包括国内外著名经济学家、行业领袖、国内外经济组织和机构以及特区发展政策研究领域的权威人士。]&nbsp;</span></p><p style="text-indent:2em"><span style="font-size:12px"></span><span style="font-size:12px">2011年9月30日国务院《关于支持喀什霍尔果斯经济开发区建设的若干意见》正式颁布，为喀什市的跨越式发展指明了方向，奠定了政治基础。喀什作为内地与中亚、南亚联络枢纽的地缘优势、以及其得天独厚的光热水土资源优势为喀什经济开发区的跨越式发展奠定了良好的基础。然而，面对历史机遇，人才始终是喀什腾飞的瓶颈。借鉴新加坡的经验，喀什政府设立&nbsp;“喀什特区战略发展研究院”，以期汇集各方精英的智慧，不仅为喀什输入国际国内的创新思路，同时也为喀什走出去搭建一个高端的国际化平台。“喀什特区战略发展研究院”成为喀什打造“第五代城市”的首个重要举措。</span></p><p style="text-indent:2em"><span style="font-size:12px"></span><span style="font-size:12px">“喀什特区战略发展研究院”由喀什政府和喀什发展投资控股有限责任公司共同主办。研究院主要关注五大领域。第一是政策，包括对国家西部开放战略、特区扶持政策等从宏观到微观政策的解读，特区政策的制定、以及针对喀什地区的特点将进行的政策创新；第二是产业，包括特区经济和海南工业规划、重点发展产业的研究和项目发掘、尤其是在金融服务、旅游文化整合和开发、口岸经济和低碳环保及可再生能源方面；第三是城市品牌，包括喀什城市形象打造、喀什城市品牌的国际化推广；第四是咨询与培训，包括与国家西部开放战略、喀什、喀什专项产业的咨询；第五是国际交流，主要是提升喀什特区在“上合组织”框架内的地缘政治和经济地位，并广泛延展国际合作平台，开拓国际合作项目。</span></p><p style="text-indent:2em"><span style="font-size:12px"></span><span style="font-size:12px">喀什地委委员、喀什经济开发区党工委书记、市委书记陈旭光表示：“穷尽劣势，寻求突破是喀什跨越式发展的基本思路。在土地节约利用和降低资源消耗的基础上构建一座经济发达的新城需要大智慧。因为它关系着喀什人民，以及这个千年古城的未来。我们希望&nbsp;“喀什特区战略发展研究院”能成为各路精英为喀什的长期可持续发展激荡思想，碰撞智慧的平台，也希望将来能有更多的精英加入研究院，为喀什以及国家的西部开放战略助一臂之力。</span></p><p>&nbsp;&nbsp;</p><p><br /></p><p><param value="http://v.ifeng.com/include/exterior.swf?guid=1e07c65c-c320-457b-b6e1-78f47476b842&amp;pageurl=http://www.ifeng.com&amp;fromweb=other&amp;AutoPlay=false" name="movie" /><param value="high" name="quality" /><param value="always" name="allowScriptAccess" /><embed height="325" type="application/x-shockwave-flash" pluginspage="http://www.macromedia.com/go/getflashplayer" width="400" src="http://v.ifeng.com/include/exterior.swf?guid=1e07c65c-c320-457b-b6e1-78f47476b842&amp;pageurl=http://www.ifeng.com&amp;fromweb=other&amp;AutoPlay=false" allowscriptaccess="always" quality="high" /></p>', 5, 1, '2011年12月15日', '凤凰视频', 'http://v.ifeng.com/news/mainland/201112/1e07c65c-c320-457b-b6e1-78f47476b842.shtml', 0),
(43, 'Kashgar minat contohi kejayaan Melaka', '<p><img border="1" src="http://www.utusan.com.my/pix/2012/0211/Utusan_Malaysia/Selatan/ws_02.1.jpg" width="500" height="333" color="black" vspace="5" hspace="5" /><br /></p><div><span style="font-family:arial, helvetica, sans-serif;font-size:12px;">Zainal&nbsp;Abu&nbsp;(enam&nbsp;kanan)&nbsp;bersalaman&nbsp;dengan&nbsp;Chen&nbsp;Xuguang&nbsp;sambil&nbsp;disaksikan&nbsp;delegasi&nbsp;dari&nbsp;Kashgar&nbsp;pada&nbsp;majlis&nbsp;menandatangani&nbsp;MoU&nbsp;mengenai&nbsp;pembangunan&nbsp;teknologi&nbsp;hijau&nbsp;di&nbsp;Melaka,&nbsp;semalam.</span></div><hr noshade="noshade" size="1" /><p><br clear="all" /></p><p><span style="font-family:arial, helvetica, sans-serif;font-size:12px;">MELAKA&nbsp;10&nbsp;Feb.&nbsp;-&nbsp;Bandar&nbsp;bersejarah&nbsp;Kashgar&nbsp;di&nbsp;Xinjiang,&nbsp;China&nbsp;berminat&nbsp;mencontohi&nbsp;kejayaan&nbsp;Melaka&nbsp;dalam&nbsp;pelbagai&nbsp;bidang&nbsp;dan&nbsp;perancangan&nbsp;terutamanya&nbsp;aspek&nbsp;pembangunan&nbsp;teknologi&nbsp;hijau&nbsp;dan&nbsp;pelancongan&nbsp;warisan.</span></p><p><span style="font-family:arial, helvetica, sans-serif;font-size:12px;">Datuk&nbsp;Bandar&nbsp;Melaka&nbsp;Bandaraya&nbsp;Bersejarah,&nbsp;Zainal&nbsp;Abu&nbsp;berkata,&nbsp;Kashgar&nbsp;juga&nbsp;telah&nbsp;menunjukkan&nbsp;komitmen&nbsp;tinggi&nbsp;untuk&nbsp;menjalinkan&nbsp;kerjasama&nbsp;erat&nbsp;dengan&nbsp;Melaka&nbsp;dalam&nbsp;mewujudkan&nbsp;pembangunan&nbsp;bandar&nbsp;hijau&nbsp;yang&nbsp;mampan,&nbsp;ekonomi&nbsp;dan&nbsp;kebudayaan&nbsp;negeri&nbsp;ini.</span></p><p><span style="font-family:arial, helvetica, sans-serif;font-size:12px;">Menurut&nbsp;beliau,&nbsp;jalinan&nbsp;kerjasama&nbsp;itu&nbsp;berdasarkan&nbsp;persamaan&nbsp;kedua-dua&nbsp;negara&nbsp;yang&nbsp;terkenal&nbsp;sebagai&nbsp;bandar&nbsp;bersejarah&nbsp;dan&nbsp;sebagai&nbsp;pusat&nbsp;dagangan&nbsp;warisan.</span></p><p><span style="font-family:arial, helvetica, sans-serif;font-size:12px;">&quot;Dalam&nbsp;konteks&nbsp;ini,&nbsp;Kashgar&nbsp;berminat&nbsp;untuk&nbsp;berkongsi&nbsp;perancangan&nbsp;dan&nbsp;pengalaman&nbsp;dengan&nbsp;kita&nbsp;sehingga&nbsp;Melaka&nbsp;berjaya&nbsp;diiktiraf&nbsp;oleh&nbsp;Pertubuhan&nbsp;Pendidikan,&nbsp;Saintifik&nbsp;dan&nbsp;Kebudayaan&nbsp;Pertubuhan&nbsp;Bangsa-Bangsa&nbsp;Bersatu&nbsp;(UNESCO)&nbsp;sebagai&nbsp;Tapak&nbsp;Warisan&nbsp;Dunia&nbsp;dalam&nbsp;kategori&nbsp;bandar&nbsp;raya,&quot;&nbsp;katanya.</span></p><p><span style="font-family:arial, helvetica, sans-serif;font-size:12px;">Beliau&nbsp;berkata&nbsp;demikian&nbsp;kepada&nbsp;pemberita&nbsp;pada&nbsp;Majlis&nbsp;Pembukaan&nbsp;Green&nbsp;Signature&nbsp;On&nbsp;The&nbsp;Silk&nbsp;Road&nbsp;Exhibition&nbsp;bersama&nbsp;Kerajaan&nbsp;Perbandaran&nbsp;Kashgar&nbsp;di&nbsp;Hotel&nbsp;Equatorial&nbsp;di&nbsp;sini&nbsp;hari&nbsp;ini.</span></p><p><span style="font-family:arial, helvetica, sans-serif;font-size:12px;">Turut&nbsp;diadakan&nbsp;ialah&nbsp;menandatangani&nbsp;dokumen&nbsp;persefahaman&nbsp;kerjasama&nbsp;antara&nbsp;Melaka&nbsp;dan&nbsp;Kashgar.</span></p><p><span style="font-family:arial, helvetica, sans-serif;font-size:12px;">Hadir&nbsp;sama,&nbsp;Setiausaha&nbsp;Bahagian&nbsp;Kerajaan&nbsp;Perbandaran&nbsp;Kashgar,&nbsp;Chen&nbsp;Xuguang.</span></p><p><span style="font-family:arial, helvetica, sans-serif;font-size:12px;">Mengulas&nbsp;lanjut,&nbsp;Zainal&nbsp;berkata,&nbsp;Melaka&nbsp;juga&nbsp;akan&nbsp;mengadakan&nbsp;kunjungan&nbsp;semula&nbsp;ke&nbsp;wilayah&nbsp;autonomi&nbsp;Islam&nbsp;Xinjiang&nbsp;di&nbsp;barat&nbsp;laut&nbsp;China&nbsp;itu&nbsp;dalam&nbsp;bagi&nbsp;melihat&nbsp;lebih&nbsp;dekat&nbsp;cara&nbsp;hidup&nbsp;dan&nbsp;budaya&nbsp;di&nbsp;kawasan&nbsp;yang&nbsp;mempunyai&nbsp;populasi&nbsp;penduduk&nbsp;yang&nbsp;menyamai&nbsp;Melaka&nbsp;iaitu&nbsp;kira-kira&nbsp;800,000&nbsp;orang.</span></p><p><span style="font-family:arial, helvetica, sans-serif;font-size:12px;">Sementara&nbsp;itu,&nbsp;menurut&nbsp;Xuguang,&nbsp;banyak&nbsp;perkara&nbsp;boleh&nbsp;dipelajari&nbsp;dari&nbsp;Melaka&nbsp;mempunyai&nbsp;pengalaman&nbsp;luas&nbsp;dalam&nbsp;perdagangan&nbsp;antarabangsa&nbsp;dan&nbsp;sebuah&nbsp;bandar&nbsp;yang&nbsp;kaya&nbsp;dengan&nbsp;warisan&nbsp;sejarahnya.</span></p><p><span style="font-family:arial, helvetica, sans-serif;font-size:12px;">Juga&nbsp;dikenali&nbsp;sebagai&nbsp;&#39;tingkap&nbsp;untuk&nbsp;Barat&#39;,&nbsp;Kashgar&nbsp;mempunyai&nbsp;sejarah&nbsp;lebih&nbsp;2,000&nbsp;tahun.&nbsp;Terletak&nbsp;paling&nbsp;barat&nbsp;di&nbsp;China&nbsp;Kashgar&nbsp;berjiran&nbsp;dengan&nbsp;Tajikistan,&nbsp;Afghanistan,&nbsp;Pakistan,&nbsp;Kyrgyzstan,&nbsp;Uzbekistan&nbsp;dan&nbsp;India.</span></p><p><span style="font-family:arial, helvetica, sans-serif;font-size:12px;">Menjadi&nbsp;sebuah&nbsp;bandar&nbsp;penting&nbsp;di&nbsp;jalan&nbsp;sutera&nbsp;kuno,&nbsp;Kashgar&nbsp;adalah&nbsp;sebuah&nbsp;oasis&nbsp;bersejarah&nbsp;yang&nbsp;terletak&nbsp;di&nbsp;persimpangan&nbsp;laluan&nbsp;utara&nbsp;dan&nbsp;selatan&nbsp;di&nbsp;seluruh&nbsp;Taklamakan.</span></p><p><br /></p><p></p>', 5, 1, '2012年2月11日', 'Utusan Online', 'http://www.utusan.com.my/utusan/info.asp?y=2012&dt=0211&pub=Utusan_Malaysia&sec=Selatan&pg=ws_02.htm', 0),
(42, '国家出台价格优惠政策支持新疆发展', '<p><embed id="v_player_cctv" width="640" height="480" flashvars="videoId=20120101116923&amp;filePath=/flvxml/2009/01/01/&amp;isAutoPlay=true&amp;url=http://news.cntv.cn/program/xwlb/20120101/116923.shtml&amp;tai=news&amp;configPath=http://news.cntv.cn/player/config.xml&amp;widgetsConfig=http://js.player.cntv.cn/xml/widgetsConfig/news.xml&amp;languageConfig=&amp;hour24DataURL=&amp;outsideChannelId=channelBugu&amp;videoCenterId=4f31e9d098c84528ad18970a8a10ea55" allowscriptaccess="always" allowfullscreen="true" menu="false" quality="best" bgcolor="#000000" name="v_player_cctv" src="http://player.cntv.cn/standard/cntvOutSidePlayer.swf?v=0.171.5.8.9" type="application/x-shockwave-flash" lk_mediaid="lk_juiceapp_mediaPopup_1257416656250" lk_media="yes" /></p>', 5, 1, '2012年1月1日', '中央电视台', 'http://news.cntv.cn/program/xwlb/20120101/116923.shtml', 0),
(44, ' Kashgar sign MOU to promote cooperation', '<p><span style="font-family:arial, helvetica, sans-serif;font-size:12px;">SINGAPORE:&nbsp;Singapore&#39;s&nbsp;Civil&nbsp;Service&nbsp;College&nbsp;(CSC)&nbsp;is&nbsp;helping&nbsp;to&nbsp;transform&nbsp;the&nbsp;Chinese&nbsp;city&nbsp;of&nbsp;Kashgar&nbsp;into&nbsp;the&nbsp;&#39;Shenzhen&nbsp;of&nbsp;western&nbsp;China&#39;.<br /><br />It&nbsp;signed&nbsp;a&nbsp;memorandum&nbsp;of&nbsp;understanding&nbsp;on&nbsp;Monday&nbsp;with&nbsp;Kashgar&nbsp;Development&nbsp;&amp;&nbsp;Investment&nbsp;Holdings&nbsp;(KDI)&nbsp;to&nbsp;promote&nbsp;exchange&nbsp;and&nbsp;cooperation&nbsp;between&nbsp;public&nbsp;officials&nbsp;of&nbsp;Singapore&nbsp;and&nbsp;China.<br /><br />Kashgar&nbsp;city&nbsp;was&nbsp;designated&nbsp;in&nbsp;2009&nbsp;by&nbsp;the&nbsp;Chinese&nbsp;central&nbsp;government&nbsp;as&nbsp;a&nbsp;new&nbsp;&quot;Special&nbsp;Economic&nbsp;Zone&quot;&nbsp;(SEZ)&nbsp;-&nbsp;a&nbsp;status&nbsp;equivalent&nbsp;to&nbsp;the&nbsp;thriving&nbsp;city&nbsp;of&nbsp;Shenzhen&nbsp;in&nbsp;China&#39;s&nbsp;southern&nbsp;Guangdong&nbsp;province.<br /><br />CSC&nbsp;and&nbsp;KDI&nbsp;will&nbsp;work&nbsp;together&nbsp;in&nbsp;training&nbsp;and&nbsp;consultancy&nbsp;services.&nbsp;<br /><br />CSC&nbsp;will&nbsp;provide&nbsp;Kashgar&nbsp;officials&nbsp;with&nbsp;training&nbsp;programmes&nbsp;in&nbsp;areas&nbsp;such&nbsp;as&nbsp;public&nbsp;administration,&nbsp;policy&nbsp;implementation&nbsp;and&nbsp;governance.<br /><br />It&nbsp;will&nbsp;also&nbsp;help&nbsp;KDI&nbsp;to&nbsp;develop&nbsp;a&nbsp;training&nbsp;framework&nbsp;for&nbsp;different&nbsp;levels&nbsp;of&nbsp;officials.&nbsp;<br /><br />The&nbsp;MOU&nbsp;was&nbsp;signed&nbsp;by&nbsp;CSC&#39;s&nbsp;director&nbsp;of&nbsp;Civil&nbsp;Service&nbsp;College&nbsp;International,&nbsp;Mrs&nbsp;Tina&nbsp;Tan&nbsp;and&nbsp;KDI&#39;s&nbsp;chief&nbsp;executive&nbsp;officer,&nbsp;Mr&nbsp;Fan&nbsp;Hanxi.<br /><br />Mrs&nbsp;Tan&nbsp;said:&nbsp;&quot;As&nbsp;a&nbsp;Special&nbsp;Economic&nbsp;Zone,&nbsp;the&nbsp;city&nbsp;is&nbsp;poised&nbsp;to&nbsp;play&nbsp;a&nbsp;significant&nbsp;role&nbsp;in&nbsp;China&#39;s&nbsp;economic&nbsp;development.&nbsp;We&nbsp;believe&nbsp;that&nbsp;it&nbsp;would&nbsp;not&nbsp;be&nbsp;long&nbsp;before&nbsp;Kashgar&nbsp;develops&nbsp;into&nbsp;the&nbsp;gateway&nbsp;for&nbsp;the&nbsp;East&nbsp;and&nbsp;West&nbsp;as&nbsp;it&nbsp;did&nbsp;during&nbsp;the&nbsp;Silk&nbsp;Road&nbsp;era.&quot;&nbsp;<br /><br />The&nbsp;partnership&nbsp;kicked&nbsp;off&nbsp;with&nbsp;a&nbsp;three-day&nbsp;customised&nbsp;programme&nbsp;conducted&nbsp;by&nbsp;CSC&nbsp;for&nbsp;eight&nbsp;senior&nbsp;officials&nbsp;from&nbsp;Kashgar.<br /><br />The&nbsp;programme&nbsp;-&nbsp;from&nbsp;13&nbsp;to&nbsp;15&nbsp;February&nbsp;-&nbsp;covers&nbsp;policy&nbsp;development&nbsp;and&nbsp;implementation,&nbsp;as&nbsp;well&nbsp;as&nbsp;public&nbsp;administration&nbsp;and&nbsp;governance.</span><br /></p>', 5, 2, '2012年2月13日', 'channelnewsasia', 'http://www.channelnewsasia.com/stories/singaporebusinessnews/view/1182701/1/.html', 0),
(45, '新疆喀什代表团访港 冀提升国际影响力', '<p style="text-indent:2em"><span style="font-size:12px">喀什政府代表团东南亚之行，一路从马来西亚到新加坡，并于近日抵达香港。喀什，这座古丝绸之路的重镇，拥有2000年的历史，是现今中国保存最完好的文化古城。喀什政府代表团本次东南亚之行，推动了其在经济及旅游方面的发展，并向世界展现了这座西域古城未来的巨大潜力。</span></p><p style="text-indent:2em"><span style="font-size:12px"></span><span style="font-size:12px">喀什，位于中国的最西部，拥有深厚的历史和文化底蕴，丰富的自然资源及五口通八国的地理优势。2010年，中华人民共和国国务院确立喀什为特殊经济发展区，赋予喀什特殊使命，使喀什发展上升为国家战略。喀什有信心把握住这一历史性的发展机遇，政府预计在未來五年内，每年可以有双位数字的经济增长。</span></p><p style="text-indent:2em"><span style="font-size:12px"></span><span style="font-size:12px">喀什政府代表团本次的东南亚之行，由喀什市委书记陈旭光先生带队，并有十一位政府高级官员同行。在马六甲，喀什市委书记陈旭光与马六甲市市长赞那亚布共同签署了喀什与马六甲友好城市条约。马六甲以“古迹旅游”文明，拥有多个联合国世界文化遗产类景点；喀什是4大文明的交汇处，是中国历史文化名城和优秀旅游城市。正是两个城市的相通之处，奠定了友好往来与合作的坚实基础。</span></p><p style="text-indent:2em"><span style="font-size:12px"></span><span style="font-size:12px">在新加坡，喀什发展（KDI）与新加坡全国旅行社协会（NATAS)签署了战略合作协议。KDI是喀什政府控股、致力于推动特区建设的金融服务和产业投资平台，旅游业也是其重点关注的领域；NATAS是新加坡旅游行业的领头组织。协议的签署将促进两地旅游业的对接合作，使喀什旅游迈上一个新的台阶。</span></p><p style="text-indent:2em"><span style="font-size:12px"></span><span style="font-size:12px">同时,喀什特区战略发展研究院与新加坡国立大学东亚研究所签署了战略合作协议。东亚研究所是专门从事关于当代中国和其它东亚经济体的学术及政策研究的机构。研究所所长郑永年先生签署了协议，并诚挚希望双方的合作能为喀什带来更多智力支持，也能让新加坡了解中国，分享西部开放战略带来的新的机会。</span></p><p style="text-indent:2em"><span style="font-size:12px"></span><span style="font-size:12px">香港作为本次东南亚之行的最后一站，喀什市政府宣布了喀什市与香港特别行政区在国际商务及贸易、经济发展及旅游方面的合作关系。两座城市在文化、经济及旅游方面上都有很多相类似的地方。香港享有几百年中西合壁的特有文化，而喀什是一个拥有两千年历史、多元文化汇聚的城市。香港通过其海上优势成为连接东方的桥梁，而喀什在不久也将在公路、铁路及航空领域建立完善的交通网络。喀什更希望学习和借鉴香港经验，成为中国西部以及中亚地区的金融平台。</span></p><p style="text-indent:2em"><span style="font-size:12px"></span><span style="font-size:12px">为了促进喀什旅游业的发展，开发新的航线，香港中国旅行社有限公司与喀什发展投资控股有限责任公司签署了框架合作协议，包括将于2012年第二季度推出來往香港及喀什的直航包机。此次合作将大大缩减两地航运时间，令喀什市成为未來最有吸引力的热点旅游城市。喀什发展投资控股有限责任公司还与五彩传说文化工程签署了一项框架合作协议，旨在向全世界推广喀什的音乐和文化遗产。喀什将与五彩传说联手推动喀什成为令世人向往西域圣地。两项框架合作协议的签订将进一步推动喀什市重现古丝绸之路的风采，吸引更多來自世界各地的旅客。</span></p><p style="text-indent:2em"><span style="font-size:12px"></span><span style="font-size:12px">值得一提的是,喀什市政府还与英国前首相托尼•布莱尔旗下的投资咨询机构Tony&nbsp;Blair&nbsp;Associates（简称TBA）签署了战略合作协议，喀什托尼•布莱尔团队的合作目的为进一步吸引更多的国际资本、海外技术和跨境合作来到喀什。</span></p><p style="text-indent:2em"><span style="font-size:12px"></span><span style="font-size:12px">托尼•布莱尔先生特地通过视频录像向活动现场的嘉宾们表达了祝贺和期待之情，他表示喀什是一个多元文化汇聚的城市，他很高兴他的团队将与喀什市政府一起合作，引进海外投资和高科技产业。&nbsp;喀什市委书记陈旭光在香港活动现场表示：“能与托尼•布莱尔先生携手合作我们感到十分高兴，我们期待着能在不久的将来在喀什再次与布莱尔先生的团队见面，共同为打造喀什的明天而努力。”</span></p><p><br /></p><p><br /></p><p><embed height="325" type="application/x-shockwave-flash" pluginspage="http://www.macromedia.com/go/getflashplayer" width="400" src="http://v.ifeng.com/include/exterior.swf?guid=1a515456-771d-4126-bc36-5bfdbfa2ad8c&amp;pageurl=http://www.ifeng.com&amp;fromweb=other&amp;AutoPlay=false" allowscriptaccess="always" quality="high" /></p><p><br /></p>', 5, 1, '2012年2月17日', '凤凰卫视', 'http://v.ifeng.com/news/finance/201202/1a515456-771d-4126-bc36-5bfdbfa2ad8c.shtml', 0),
(60, '华闻大直播 喀什与香港实现包机直航', '<p><embed type="application/x-shockwave-flash" class="edui-faked-video" pluginspage="http://www.macromedia.com/go/getflashplayer" src="http://v.ifeng.com/include/exterior.swf?AutoPlay=false&amp;guid=f35d1f6a-45e0-43b5-9698-c3e7836b662c" width="420" height="280" align="none" wmode="transparent" play="true" loop="false" menu="false" allowscriptaccess="never" allowfullscreen="true" /></p><p><br /></p>', 5, 1, '2012年4月22日', '凤凰视频', '', 0),
(61, '新疆“五彩喀什噶尔”儿童艺术团成喀什名片', '<p><embed type="application/x-shockwave-flash" class="edui-faked-video" pluginspage="http://www.macromedia.com/go/getflashplayer" src="http://v.ifeng.com/include/exterior.swf?AutoPlay=false&amp;guid=80eec615-7e07-4595-9774-7c1323fd4c80" width="420" height="280" align="none" wmode="transparent" play="true" loop="false" menu="false" allowscriptaccess="never" allowfullscreen="true" /></p><p><br /></p>', 5, 1, '2012年4月23日', '凤凰视频', 'http://v.ifeng.com/news/mainland/201204/80eec615-7e07-4595-9774-7c1323fd4c80.shtml', 0),
(62, '喀什香港开通双向直航', '<embed type="application/x-shockwave-flash" src="http://www.tianshannet.com/top/js/mediaplayer.swf" width="480" height="400" id="mediaplayer" name="mediaplayer" quality="high" allowfullscreen="true" flashvars="width=480&height=400&file=http://222.82.218.6:81/asset/category3/2012/04/23/asset_38233.flv&image=video.jpg" />', 5, 1, '2012年4月22日', '新疆电视台', 'http://www.xjts.cn/v/content/2012-04/23/content_6768726.htm', 0),
(63, 'New Silk Road in the air', '<p><span style="font-size:12px;font-family:arial, helvetica, sans-serif;">The&nbsp;first&nbsp;charter&nbsp;flight&nbsp;from&nbsp;Hong&nbsp;Kong&nbsp;to&nbsp;Kashgar&nbsp;arrived&nbsp;at&nbsp;the&nbsp;ancient&nbsp;city&nbsp;along&nbsp;the&nbsp;Silk&nbsp;Road&nbsp;at&nbsp;7:20&nbsp;pm&nbsp;on&nbsp;Saturday,&nbsp;cutting&nbsp;the&nbsp;previous&nbsp;travel&nbsp;time&nbsp;by&nbsp;nearly&nbsp;20&nbsp;hours.</span></p><p><span style="font-size:12px;font-family:arial, helvetica, sans-serif;">The&nbsp;flight,&nbsp;operated&nbsp;by&nbsp;China&nbsp;Southern&nbsp;Airlines,&nbsp;took&nbsp;110&nbsp;passengers&nbsp;in&nbsp;the&nbsp;investment,&nbsp;tourism&nbsp;and&nbsp;media&nbsp;fields&nbsp;from&nbsp;Hong&nbsp;Kong&nbsp;and&nbsp;Southeast&nbsp;Asian&nbsp;countries&nbsp;to&nbsp;boost&nbsp;economic&nbsp;and&nbsp;cultural&nbsp;exchanges&nbsp;and&nbsp;cooperation.</span></p><p><span style="font-size:12px;font-family:arial, helvetica, sans-serif;">Wu&nbsp;Jian,&nbsp;manager&nbsp;of&nbsp;a&nbsp;Hong&nbsp;Kong&nbsp;travel&nbsp;agency,&nbsp;told&nbsp;China&nbsp;Daily&nbsp;that&nbsp;Kashgar,&nbsp;with&nbsp;its&nbsp;rich&nbsp;history&nbsp;and&nbsp;unique&nbsp;ethnic&nbsp;features,&nbsp;has&nbsp;big&nbsp;potential&nbsp;as&nbsp;a&nbsp;tourist&nbsp;destination.</span></p><p><span style="font-size:12px;font-family:arial, helvetica, sans-serif;">Wu&nbsp;said&nbsp;he&nbsp;believed&nbsp;the&nbsp;direct&nbsp;flight&nbsp;would&nbsp;bring&nbsp;more&nbsp;tourists&nbsp;from&nbsp;Hong&nbsp;Kong&nbsp;and&nbsp;Southeast&nbsp;Asian&nbsp;countries&nbsp;to&nbsp;Kashgar.</span></p><p><span style="font-size:12px;font-family:arial, helvetica, sans-serif;">&quot;The&nbsp;opening&nbsp;of&nbsp;the&nbsp;new&nbsp;route&nbsp;will&nbsp;contribute&nbsp;to&nbsp;economic&nbsp;and&nbsp;trade&nbsp;exchanges&nbsp;and&nbsp;the&nbsp;movement&nbsp;of&nbsp;people&nbsp;between&nbsp;the&nbsp;two&nbsp;cities,&quot;&nbsp;said&nbsp;Cheng&nbsp;Zhenshan,&nbsp;Party&nbsp;chief&nbsp;of&nbsp;Kashgar&nbsp;prefecture.</span></p><p><span style="font-size:12px;font-family:arial, helvetica, sans-serif;">&quot;It&nbsp;has&nbsp;successfully&nbsp;opened&nbsp;up&nbsp;a&nbsp;new&nbsp;Silk&nbsp;Road&nbsp;in&nbsp;the&nbsp;air,&quot;&nbsp;Cheng&nbsp;said.</span></p><p><span style="font-size:12px;font-family:arial, helvetica, sans-serif;">The&nbsp;flight&nbsp;took&nbsp;six&nbsp;hours&nbsp;and&nbsp;45&nbsp;minutes&nbsp;with&nbsp;a&nbsp;stopover&nbsp;in&nbsp;Urumqi,&nbsp;capital&nbsp;of&nbsp;the&nbsp;Xinjiang&nbsp;Uygur&nbsp;autonomous&nbsp;region.</span></p><p><span style="font-size:12px;font-family:arial, helvetica, sans-serif;">Kashgar&nbsp;prefecture,&nbsp;in&nbsp;Northwest&nbsp;China&#39;s&nbsp;Xinjiang&nbsp;Uygur&nbsp;autonomous&nbsp;region,&nbsp;neighboring&nbsp;Pakistan,&nbsp;Tajikistan,&nbsp;Afghanistan,&nbsp;Kyrgyzstan&nbsp;and&nbsp;India,&nbsp;is&nbsp;an&nbsp;important&nbsp;passageway&nbsp;linking&nbsp;central,&nbsp;western&nbsp;and&nbsp;southern&nbsp;Asia&nbsp;and&nbsp;Europe.</span></p><p><br /></p>', 5, 1, '2012年4月23日', '中国日报', 'http://www.chinadaily.com.cn/china/2012-04/23/content_15114827.htm', 0),
(64, '新疆喀什举办“空中新丝路”喀什论坛', '<center><img src="http://www.people.com.cn/mediafile/pic/20120423/96/3039590016781846296.jpg" /></center><center class="t091105"><span style="font-size:12px"><span style="color:#3399cc;font-size:12px" label="明显强调">新疆喀什举办“空中新丝路”喀什论坛。</span></span></center><p><br /><br /><span style="font-size:12px">　　4月22日，“空中新丝路”喀什论坛在新疆喀什市举行，来自喀什地区、喀什市相关政府部分，以及东南亚及香港地区投资机构成员、旅游行业人士以及香港新疆两地媒体共百余人出席了本次论坛。与会嘉宾们就发展第五代城市，充分发挥喀什经济开发区的优惠政策和区位优势，发展旅游航空等现代服务产业，以及落实海外招商引资政策等方面进行广泛和深入的研讨。<br /><br />　　此次论坛中，喀什特区经济政策成为现场关注的一个重要话题。喀什作为我国向西开放的重要窗口，随着香港至喀什直航航线的开通，将进一步发挥喀什的政策优势、特殊区位优势，发挥口岸和交通枢纽的作用，加强与中亚、南亚、中东和东欧国家的经贸合作，将喀什市建设成为我国西部地区重要的对外开放门户城市和区域中心城市，在推进新疆跨越式发展和促进我国向西开放大局中发挥更大的作用。与会嘉宾纷纷发言，对喀什特区的开放合作平台表示了浓厚兴趣，未来将与喀什实现优势互补、互利互惠、共同发展。<br /><br />　　此外，为进一步落实“空中丝绸之路”建设，发挥喀什国际航空港的重要作用，推动旅游文化产业的发展。喀什市政府特别成立了喀什航空旅游服务有限责任公司(以下简称喀什航旅)，并在论坛上举行了揭牌成立仪式。喀什航旅的成立，标志了喀什正式着手打造生态旅游、民俗文化等多样性的旅游文化产业，将旅游文化资源优势转化为现代经济产业优势、推动全市产业转型升级的决心。<br /><br />　　当天，喀什地委地区行署与香港中国旅游协会交换了合作协议，旨在进一步推动香港喀什两地旅游文化交流与发展，是此次直航通航后对外开放、发展经济的重要战略部署。<br /><br />　　喀什市委书记陈旭光表示：“借助香港至喀什直航航线的开通和本次‘空中新丝路’论坛的丰硕成果，喀什将大力发展以旅游文化产业为代表的绿色产业群，发展以低能耗、高产出为特征的‘流动经济’。在有效保护生态环境、可持续开发利用资源的基础上，喀什将继承人文历史交融的城市精神，建立自然和谐、经济高效的宜居城市。”(记者&nbsp;刘新)</span><br /></p><p>&nbsp;</p>', 5, 1, '2012年4月23日', '人民网', 'http://expo.people.com.cn/GB/58536/17717599.html', 0),
(65, '“空中新丝路”喀什论坛举办 香港新疆探讨合作', '<p style="text-indent:2em"><span style="font-size:12px">中新社喀什4月22日电&nbsp;(记者&nbsp;汪金生)为庆祝香港至新疆喀什直航首飞成功，“空中新丝路”喀什论坛22日举办。喀什地区行署还与香港中国旅游协会交换了合作协议，旨在进一步推动两地旅游文化交流与发展。</span></p><p style="text-indent:2em"><span style="font-size:12px">来自喀什地区、喀什市相关政府部门，东南亚及香港地区投资机构成员、旅游行业人士以及香港、新疆两地媒体共百余人出席了本次论坛。与会嘉宾们就发展第五代城市，充分发挥喀什经济开发区的优惠政策和区位优势，发展旅游航空等现代服务产业，以及落实海外招商引资政策等方面进行广泛和深入的研讨。</span></p><p style="text-indent:2em"><span style="font-size:12px">21日19时20分，由南方航空公司执飞的直航包机，历经6小时45分钟的航程，成功抵达新疆喀什国际机场，标志着香港至喀什直航国际客运包机航线首飞成功。</span></p><p style="text-indent:2em"><span style="font-size:12px">喀什作为中国向西开放的重要窗口，随着香港至喀什直航航线的开通，将进一步发挥喀什的政策优势、特殊区位优势，发挥口岸和交通枢纽的作用，加强与中亚、南亚、中东和东欧国家的经贸合作。与会嘉宾对喀什特区的开放合作平台表示了浓厚兴趣，并表示未来将与喀什实现优势互补、互利互惠、共同发展。</span></p><p style="text-indent:2em"><span style="font-size:12px">喀什地区旅游协会副会长王娟透露，即将于2012年6月举办的第八届新疆喀什•中亚南亚商品交易会，将突破往届规模，升级打造为一次更加国际化、更具权威性的高端商品交易会，预计将吸引来自东亚、南亚、中亚等众多知名海外企业的积极参与。</span></p><p><br /></p>', 5, 1, '2012年4月22日', '中国新闻网', 'http://www.chinanews.com/ga/2012/04-22/3837329.shtml', 0);
INSERT INTO `topic` (`tid`, `title`, `content`, `cid`, `lr`, `shijian`, `laiyuan`, `lianjie`, `status`) VALUES
(66, '“空中新丝路”喀什论坛成功举办', '<p><span style="font-family:宋体, &#39;lucida grande&#39;, verdana, sans-serif;color:#333333;font-size:14px" class="Apple-style-span"><span style="color:blue"><p style="text-align:center;border-right-width:0px;margin:0px;border-top-width:0px;border-bottom-width:0px;border-left-width:0px;padding:10px 0px 0px;"><span style="color:blue"><a style="color:#0000ff;text-decoration:underline" href="http://www.tianshannet.com/news/content/2012-04/22/content_6768210_2.htm" target="_self"><img style="border-right-width:0px;margin:0px;width:550px;max-width:520px;border-top-width:0px;border-bottom-width:0px;height:363px;vertical-align:baseline;border-left-width:0px;padding:0px;" id="4217405" border="0" src="http://www.tianshannet.com/news/content/images/attachement/jpg/site1/20120422/4487fcd79ded10fdff033d.jpg" sourcename="本地文件" sourcedescription="编辑提供的本地文件" /></a></span></p><p style="text-align:center;border-right-width:0px;margin:0px;border-top-width:0px;border-bottom-width:0px;color:blue;border-left-width:0px;padding:10px 0px 0px;"><span style="color:#000000;font-size:12px">喀什地委委员、喀什经济开发区党工委书记、喀什市市委书记陈旭光讲话</span></p><p style="text-align:center;border-right-width:0px;margin:0px;border-top-width:0px;border-bottom-width:0px;color:blue;border-left-width:0px;padding:10px 0px 0px;"><span style="color:blue"><a style="color:#0000ff;text-decoration:underline" href="http://www.tianshannet.com/news/content/2012-04/22/content_6768210_2.htm" target="_self"><img style="border-right-width:0px;margin:0px;width:550px;max-width:520px;border-top-width:0px;border-bottom-width:0px;height:369px;vertical-align:baseline;border-left-width:0px;padding:0px;" id="4217406" border="0" src="http://www.tianshannet.com/news/content/images/attachement/jpg/site1/20120422/4487fcd79ded10fdff0740.jpg" sourcename="本地文件" sourcedescription="编辑提供的本地文件" /></a></span></p><p style="text-align:center;border-right-width:0px;margin:0px;border-top-width:0px;border-bottom-width:0px;color:blue;border-left-width:0px;padding:10px 0px 0px;"><span style="color:#000000;font-size:12px">喀什地委委员热甫卡提·努热合曼与香港旅游协会签署旅游协议</span></p></span><p style="border-right-width:0px;margin:0px;border-top-width:0px;border-bottom-width:0px;border-left-width:0px;padding:10px 0px 0px;"><span style="font-size:12px">&nbsp;&nbsp;<span style="color:#000000;font-size:12px">&nbsp;&nbsp;4月22日，为庆祝香港至喀什直航首飞圆满成功，并进一步探讨喀什特区未来发展方向，喀什地委、地区行署、喀什市委、市政府、喀什航空旅游服务有限责任公司、喀什发展投资控股有限责任公司共同举办了“空中新丝路”喀什论坛。喀什地委委员、喀什经济开发区党工委书记、喀什市市委书记陈旭光，喀什地委委员热甫卡提·努热合曼，喀什行署副专员王勇智，喀什行署副秘书长、口岸委主任林宏信，喀什地区旅游局副局长艾尼瓦尔·吐尔逊，以及喀什航空旅游服务有限责任公司董事长范汉熙、喀什发展投资控股有限责任公司代表、东南亚及香港地区投资机构成员、旅游行业人士以及香港新疆两地媒体共百余人出席了本次论坛。</span></span></p><p style="border-right-width:0px;margin:0px;border-top-width:0px;border-bottom-width:0px;border-left-width:0px;padding:10px 0px 0px;"><span style="color:#000000;font-size:12px">&nbsp;&nbsp;&nbsp;&nbsp;本着积极践行中央发展喀什经济开发区政策的宗旨，论坛在热烈友好的气氛下顺利进行。主办方和与会嘉宾们就发展第五代城市，充分发挥喀什经济开发区的优惠政策和区位优势，发展旅游航空等现代服务产业，以及落实海外招商引资政策等方面进行广泛和深入的研讨，并达成了富有成效的共识。</span></p><p style="border-right-width:0px;margin:0px;border-top-width:0px;border-bottom-width:0px;border-left-width:0px;padding:10px 0px 0px;"><span style="color:#000000;font-size:12px">&nbsp;&nbsp;&nbsp;&nbsp;此次论坛中，喀什特区经济政策成为现场关注的一个重要话题。喀什作为我国向西开放的重要窗口，随着香港至喀什直航航线的开通，将进一步发挥喀什的政策优势、特殊区位优势，发挥口岸和交通枢纽的作用，加强与中亚、南亚、中东和东欧国家的经贸合作，将喀什市建设成为我国西部地区重要的对外开放门户城市和区域中心城市，在推进新疆跨越式发展和促进我国向西开放大局中发挥更大的作用。与会嘉宾纷纷发言，对喀什特区的开放合作平台表示了浓厚兴趣，未来将与喀什实现优势互补、互利互惠、共同发展。</span><span style="font-size:12px"><br /></span></p><p style="border-right-width:0px;margin:0px;border-top-width:0px;border-bottom-width:0px;border-left-width:0px;padding:10px 0px 0px;"><span style="font-size:12px"><span style="font-family:宋体, &#39;lucida grande&#39;, verdana, sans-serif;color:#333333;font-size:14px" class="Apple-style-span"><span style="color:blue"><p style="text-align:center;border-right-width:0px;margin:0px;border-top-width:0px;border-bottom-width:0px;color:blue;border-left-width:0px;padding:10px 0px 0px;"><span style="color:blue"><a style="color:#0000ff;text-decoration:underline" href="http://www.tianshannet.com/news/content/2012-04/22/content_6768210_3.htm" target="_self"><img style="border-right-width:0px;margin:0px;width:550px;max-width:520px;border-top-width:0px;border-bottom-width:0px;height:366px;vertical-align:baseline;border-left-width:0px;padding:0px;" id="4217411" border="0" src="http://www.tianshannet.com/news/content/images/attachement/jpg/site1/20120422/4487fcd79ded10fdff1543.jpg" sourcename="本地文件" sourcedescription="编辑提供的本地文件" /></a></span></p><p style="text-align:center;border-right-width:0px;margin:0px;border-top-width:0px;border-bottom-width:0px;border-left-width:0px;padding:10px 0px 0px;"><span style="color:#000000;font-size:12px">喀什地委、喀什市有关领导回答记者的提问</span></p><p style="text-align:center;border-right-width:0px;margin:0px;border-top-width:0px;border-bottom-width:0px;color:blue;border-left-width:0px;padding:10px 0px 0px;"><span style="color:blue"><a style="color:#0000ff;text-decoration:underline" href="http://www.tianshannet.com/news/content/2012-04/22/content_6768210_3.htm" target="_self"><img style="border-right-width:0px;margin:0px;width:550px;max-width:520px;border-top-width:0px;border-bottom-width:0px;height:315px;vertical-align:baseline;border-left-width:0px;padding:0px;" id="4217412" border="0" src="http://www.tianshannet.com/news/content/images/attachement/jpg/site1/20120422/4487fcd79ded10fdff0f42.jpg" sourcename="本地文件" sourcedescription="编辑提供的本地文件" /></a></span></p><p style="text-align:center;border-right-width:0px;margin:0px;border-top-width:0px;border-bottom-width:0px;color:blue;border-left-width:0px;padding:10px 0px 0px;"><span style="color:#000000;font-size:12px">在论坛上举行了喀什航空旅游服务有限责任公司成立剪彩仪式</span></p></span><p style="border-right-width:0px;margin:0px;border-top-width:0px;border-bottom-width:0px;border-left-width:0px;padding:10px 0px 0px;"><span style="font-size:12px">&nbsp;&nbsp;&nbsp;&nbsp;<span style="color:#000000;font-size:12px">此外，为进一步落实“空中丝绸之路”建设，发挥喀什国际航空港的重要作用，推动旅游文化产业的发展。喀什市政府特别成立了喀什航空旅游服务有限责任公司(以下简称喀什航旅)，并在论坛上举行了揭牌成立仪式。喀什航旅的成立，标志了喀什正式着手打造生态旅游、民俗文化等多样性的旅游文化产业，将旅游文化资源优势转化为现代经济产业优势、推动全市产业转型升级的决心。喀什航旅总经理范汉熙表示，喀什航旅主要承担未来喀什航空运营、航空及相关配套服务等业务。可以说喀什航旅的成立，是推动喀什空港经济发展的里程碑。同时，当天喀什地委地区行署与香港中国旅游协会交换了合作协议,旨在进一步推动香港喀什两地旅游文化交流与发展，是此次直航通航后对外开放、发展经济的重要战略部署。</span></span></p><p style="border-right-width:0px;margin:0px;border-top-width:0px;border-bottom-width:0px;border-left-width:0px;padding:10px 0px 0px;"><span style="color:#000000;font-size:12px">&nbsp;&nbsp;&nbsp;&nbsp;论坛上，就喀什未来旅游文化产业的发展议题也进行了深入探讨。喀什地区旅游协会副会长王娟表示，未来将通过旅游文化资源的整合，建立行业标准，扩大对外开放的形式，使喀什未来旅游产业发展更加规模化、市场化和国际化。据了解，即将于2012年6月份举办的第八届新疆喀什•中亚南亚商品交易会，将突破往届规模，升级打造为一次更加国际化、更具权威性的高端商品交易会，预计将吸引来自东亚、南亚、中亚等众多知名海外企业的积极参与。</span></p><p style="border-right-width:0px;margin:0px;border-top-width:0px;border-bottom-width:0px;border-left-width:0px;padding:10px 0px 0px;"><span style="color:#000000;font-size:12px">&nbsp;&nbsp;&nbsp;&nbsp;喀什市委书记陈旭光表示：“借助香港-喀什直航航线的开通和本次‘空中新丝路’论坛的丰硕成果，喀什将大力发展以旅游文化产业为代表的绿色产业群，发展以低能耗、高产出为特征的‘流动经济’。在有效保护生态环境、可持续开发利用资源的基础上，喀什将继承人文历史交融的城市精神，建立自然和谐、经济高效的宜居城市。</span></p></span></span></p><p style="border-right-width:0px;margin:0px;border-top-width:0px;border-bottom-width:0px;border-left-width:0px;padding:10px 0px 0px;"><span style="font-size:12px"><span style="font-family:宋体, &#39;lucida grande&#39;, verdana, sans-serif;color:#333333;font-size:14px" class="Apple-style-span"><p style="text-align:center;border-right-width:0px;margin:0px;border-top-width:0px;border-bottom-width:0px;border-left-width:0px;padding:10px 0px 0px;"><span style="color:blue"><img style="border-right-width:0px;margin:0px;width:550px;max-width:520px;border-top-width:0px;border-bottom-width:0px;height:366px;vertical-align:baseline;border-left-width:0px;padding:0px;" id="4217407" border="0" src="http://www.tianshannet.com/news/content/images/attachement/jpg/site1/20120422/4487fcd79ded10fdfefc39.jpg" sourcename="本地文件" sourcedescription="编辑提供的本地文件" /></span></p><p style="text-align:center;border-right-width:0px;margin:0px;border-top-width:0px;border-bottom-width:0px;color:blue;border-left-width:0px;padding:10px 0px 0px;"><span style="color:#000000;font-size:12px">“空中新丝路”喀什论坛现场</span></p></span><br /></span><p>&nbsp;</p></p></span>&nbsp;</p>', 5, 1, '2012年4月22日', '天山网', 'http://www.tianshannet.com/news/content/2012-04/22/content_6768210.htm', 0),
(67, '喀什市领导强调打击恐怖活动不手软', '<p style="text-indent:2em"><span style="font-family:宋体, simsun;font-size:12px" class="Apple-style-span">新疆近年發生多宗暴力恐怖襲擊事件，造成多人死傷。其中，喀什今年初亦有無辜民眾被斬死。喀什市領導強調，打擊恐怖活動不會手軟，同時亦會致力促進社會和諧。&nbsp;</span></p><p style="text-indent:2em"><span style="font-family:宋体, simsun;font-size:12px" class="Apple-style-span">在喀什市區，酒店、景點等地方，都見到公安、武警戒備。喀什市委書記陳旭光強調，為確保社會穩定和諧，政府對付恐怖活動絕不放鬆：「全世界各國都在做的方面，那就是對三股勢力，尤其是暴力恐怖份子，那我們絕不手軟，嚴厲打擊。所以我們政府，是有信心、有能力保證所有投資者和我們的遊客安全。」&nbsp;</span></p><p style="text-indent:2em"><span style="font-family:宋体, simsun;font-size:12px" class="Apple-style-span">除了打擊，喀什政府表示，會通過發展，促進不同民族的共融：「希望通過經濟的大發展來實現我們喀什的長期穩定。第三個方面，實際上就是以現代文化為引領，這個通過文化的凝聚，來奠定穩定的思想基礎。」&nbsp;</span></p><p style="text-indent:2em"><span style="font-family:宋体, simsun;font-size:12px" class="Apple-style-span">喀什在對外開放過程中，或會有境外恐怖份子伺機入境發動襲擊。喀什市領導表示，國際間的反恐已有多年經驗，喀什政府會借鏡，做好把關工作，不需要擔心。&nbsp;</span><br /></p>', 5, 1, '2012年4月23日', '亚洲电视', 'http://www.hkatvnews.com/v5/news.php?id=159691&d=2012-04-23&cn=0', 0),
(68, '香港直航喀什 航班开通', '<p style="text-indent:2em"><span style="font-family:&#39;宋体&#39;,&#39;simsun&#39;;font-size:12px" class="Apple-style-span">香港直航新疆喀什航班日前開通，日後來往兩地只需約七個多小時，大大縮短轉機時間。有香港旅行社估計，日後會多一成港人到當地旅遊。&nbsp;</span></p><p style="text-indent:2em"><span style="font-family:&#39;宋体&#39;,&#39;simsun&#39;;font-size:12px" class="Apple-style-span">喀什政府表示，會全力保證旅客安全。&nbsp;</span></p><p style="text-indent:2em"><span style="font-family:&#39;宋体&#39;,&#39;simsun&#39;;font-size:12px" class="Apple-style-span">喀什是中國最西面的城市，亦是古代絲綢之路的交通樞紐及貿易重鎮，香妃墓等歷史遺址、少數民族風情，還有帕米爾高原的自然景觀，都是當地的旅遊賣點。&nbsp;</span></p><p style="text-indent:2em"><span style="font-family:&#39;宋体&#39;,&#39;simsun&#39;;font-size:12px" class="Apple-style-span">以前由香港坐飛機去喀什，要先經深圳或廣州去烏魯木齊，再轉機到當地，差不多要一天。但直航開通後，只需要約七個小時機程，節省不少時間。&nbsp;</span></p><p style="text-indent:2em"><span style="font-family:&#39;宋体&#39;,&#39;simsun&#39;;font-size:12px" class="Apple-style-span">在旅遊景點做生意的當地人相信，香港直航喀什開通後，會有更多旅客到訪，對旅遊業前景有信心：「直航飛機對我們來講說，最好的一次機會，比較遊客要多來，我們就多一點生意。」&nbsp;</span></p><p style="text-indent:2em"><span style="font-family:&#39;宋体&#39;,&#39;simsun&#39;;font-size:12px" class="Apple-style-span">香港旅行業界亦估計，日後會多一成港人到當地旅遊：「因為喀什以前有很多人要轉折多番才能來到，現在直航開通後，應該會多些人來。」&nbsp;</span></p><p style="text-indent:2em"><span style="font-family:&#39;宋体&#39;,&#39;simsun&#39;;font-size:12px" class="Apple-style-span">對於新疆近年接二連三發生暴力襲擊，喀什政府強調，絕大多數少數民旅都友善好客；但旅客最好按旅行社規劃的路線觀光：「喀什這個地方，社會穩定上不出事是不可能的，出事是必然的，政府是可控的，整個形勢是非常好的。香港來的遊客最好是更能夠組團、結社和旅行團對接。可以這樣做的話，是百分之百安全的。」&nbsp;</span></p><p style="text-indent:2em"><span style="font-family:&#39;宋体&#39;,&#39;simsun&#39;;font-size:12px" class="Apple-style-span">當地政府又計劃日後相繼開通與歐洲多個城市的直航航班，期望喀什再次成為歐亞交流的重要橋樑。&nbsp;</span><br /></p>', 5, 1, '2012年4月24日', '亚洲电视', 'http://www.hkatvnews.com/v5/news.php?id=159719&d=2012-04-24&cn=0', 0),
(69, '香港直航新疆喀什的大突破　', '<p><span style="font-family:simsun">&nbsp;&nbsp;&nbsp;&nbsp;飞越戈壁与雪山，香港直航喀什首飞成功，喀什机场再度恢复国际通航。近年来，喀什给人留下不稳定印象，直航成功会给喀什带来新发展。喀什是中国西部重要城市，「五口通八国，一路联欧亚」。</span></p><p>&nbsp;</p><p><span style="font-family:simsun">&nbsp;&nbsp;&nbsp;&nbsp;穿越戈壁、掠过雪山，中国南方航空公司的一架七三七客机四月二十一日由香港起飞，经停新疆首府乌鲁木齐，在中国最西部地区喀什机场徐徐降落。历时六小时四十五分钟，香港直航喀什首飞成功，并定期每周二个航班。作为古「丝绸之路」的重镇，喀什又架起空中航线对接香港，要开辟通往东南亚的空中新丝绸之路，同时也穿透喀什落后、不安全的流言，迎来中国喀什特区经济发展的未来，带动喀什稳定、繁荣的新局面。</span></p><p>&nbsp;</p><p><span style="font-family:simsun">&nbsp;&nbsp;&nbsp;&nbsp;由于地理位置偏远，在中国的改革开放中新疆喀什经济发展滞后，更因为近年发生了几起暴力事件，给外界留下了民族问题的负面印象。喀什国际机场早就具备国际通航的设施，并曾与巴基斯坦、印度、吉尔吉斯坦等周边多国通航，零八年北京奥运期间停航。如今，喀什空港的大门重新打开，期望带起喀什的新一次起飞。</span></p><p>&nbsp;</p><p><span style="font-family:simsun">&nbsp;&nbsp;&nbsp;&nbsp;喀什市是中国最西端的城市，旧称喀什噶尔，为国家历史文化名城之一。位于新疆维吾尔自治区西南部喀什地区，帕米尔高原和塔里木盆地的交接处。几百年来一直是新疆南部的第一大城，是天山以南地区的政治、经济、文化、交通和军事中心。即使在整个中亚地区，喀什也是一座地位非常重要的城市。它是古代丝绸之路北、中、南线的西端总交汇处，历来就是中西交通枢纽和商品集散地，贸易非常发达，有「巴扎（集市）王国」之称，当地有俗语「五口通八国，一路联欧亚」。</span></p><p>&nbsp;</p><p><span style="font-family:simsun">&nbsp;&nbsp;&nbsp;&nbsp;喀什市民以维吾尔族为主，整座城市洋溢着浓郁的维吾尔族风情。这里文艺兴盛，手工业发达。无论男女老幼，皆能歌善舞；当地流行的木卡姆舞曲传遍天山南北。旅游界以「红海夕照万种风情；千年胡杨流光溢彩；烤鱼飘香喜迎宾客；巴尔楚克羊肉名扬疆外」来赞誉喀什。享有「不到喀什，就不算到新疆」的美誉。</span></p><p>&nbsp;</p><p><span style="font-family:simsun">&nbsp;&nbsp;&nbsp;&nbsp;<strong>中国向西开放的窗口</strong></span></p><p>&nbsp;</p><p><span style="font-family:simsun">&nbsp;&nbsp;&nbsp;&nbsp;今天，喀什的美誉随空港再次展翅亮相国际社会。新一次起飞的机遇来自去年九月，中国国务院发出三十三号文件，为推进「新疆跨越式发展和长治久安」，在西部地区建立喀什霍尔果斯经济开发区，要求「加强与中亚、南亚、西亚、和东欧的紧密合作」，「把喀什、霍尔果斯经济开发区建设成为我国向西开放的重要窗口，推动形成我国“陆上开放”与“海上开放”并重的对外开放新格局」。</span></p><p>&nbsp;</p><p><span style="font-family:simsun">&nbsp;&nbsp;&nbsp;&nbsp;携中央设立特区的优势，一直受到广东、上海等省市援助的喀什也要闯一条自己的路来。今年二月中旬，喀什市政府代表团访问新加坡、马来西亚、香港，提出了打造「空中丝绸之路」的构想，开通喀什向南的国际通道。短短两个月，香港—喀什直航得以首航成功。喀什市委书记陈旭光接受亚洲周刊访问时表示，之所以选择香港是国家战略定位的要求，国务院也赋予喀什金融贸易区的定位，「香港是国际金融中心，我们希望借鉴香港，通过香港与东南亚建立关系，商贸先行，通过人流、物流，让喀什的区位优势变为经济优势」。</span></p><p>&nbsp;</p><p><span style="font-family:simsun">&nbsp;&nbsp;&nbsp;&nbsp;这样的经济优势正在显现。站在喀什市的高点四望，只见脚手架林立，著名的传统维族居住区「高台民居」也在进行拆迁改造。整个城市沉浸在一场大建设的热情之中，不少房地产开发商正推出新楼盘开盘热售，越来越多的外来客来到喀什投资参与建设。</span></p><p>&nbsp;</p><p><span style="font-family:simsun">&nbsp;&nbsp;&nbsp;&nbsp;与之相对应的，在市中心的广场处也可以看到荷枪实弹的特警，在市中心的酒店大堂也会看到手拿木棍的武警，令人感觉气氛紧张。喀什大街显要处都安装了电眼，市区实行网状管理，每个网点都有便衣防范，国有单位都需要派人参与社会治安管理。陈旭光表示，喀什有信心保证投资安全和社会稳定，一是喀什总体和谐稳定；二是喀什经济发展有利社会稳定；三是政府重视文化建设维护稳定；四是对分裂势力狠狠打击保证了稳定。</span></p><p>&nbsp;</p><p><span style="font-family:simsun">&nbsp;&nbsp;&nbsp;&nbsp;喀什市常务副市长邓慧江是土生土长的新疆汉人，父母是原来三五九旅王震的部下，军队进入新疆后就地转业成为生产建设兵团，邓慧江是第二代。在新疆生活几十年，他对亚洲周刊表示，喀什的治安情况比内地的一些城市都好，维汉民众在一起工作很和谐，新疆的少数民族是纯朴的民族，「虽然有一股分裂势力，但没有市场」。在喀什访问期间，所到之处都可以看到维族的热诚，在旅游景点看到外来游客在观望，会主动给你讲解；在集市（巴扎）购物，开出价后还会告诉你，「可以还价」。汉人并没有压迫和恐惧感，这是一个本份的民族。新疆喀什国旅国内部经理凯丽比努尔告诉亚洲周刊：「伊斯兰教是不喝酒的，现在有些人学会了喝酒、打牌。」</span></p><p>&nbsp;</p><p><span style="font-family:simsun">&nbsp;&nbsp;&nbsp;&nbsp;白杨福是哈萨克斯坦和维族的混血儿，早年在乌鲁木齐经商，他旗下新疆三星建筑工程有限公司和喀什有业务往来。二年前，听说要设特区，他在喀什开设分公司，主要经营消防、建筑工程及材料等。他买了住房和办公室、铺面，带着孩子、夫人、母亲全家移居喀什。白杨福也认为，喀什治安没有问题，晚上小女生都可以安全散步。「我有应酬，晚饭后，老婆带着孩子和母亲出去散步，都很安全。」</span></p><p>&nbsp;</p><p><span style="font-family:simsun">&nbsp;&nbsp;&nbsp;&nbsp;白杨福指出，喀什现在看上去落后，但经济开发区享受产业、税收、金融、土地、外贸等特殊扶持政策，很快会旺起来。不会讲维语，早几年来喀什，白杨福还要带翻译，这几年来，发现不少维族人的汉语都讲得很好，沟通一点问题都没有。</span></p><p>&nbsp;</p><p><span style="font-family:simsun">&nbsp;&nbsp;&nbsp;&nbsp;中信碳资产管理有限公司首席执行官范汉熙去年来到喀什考察项目，遇到当时的地委书记、现任新疆自治区副主席史大刚，海归博士范汉熙曾经出任过西南证券总裁、组建新加坡的基金，对金融创新有想法，对喀什后起之秀有思路。最后从谈项目到和喀什政府合资成立喀什发展投资控股有限责任公司，范汉熙出任总经理，成为喀什特区首家有外资背景的合资企业。</span></p><p>&nbsp;</p><p><span style="font-family:simsun">&nbsp;&nbsp;&nbsp;&nbsp;喀什政府一开始就显示开放姿态，希望带入国际理念。范汉熙向亚洲周刊表示，他的团队主要负责创新金融理念；利用外脑、理智集思广益。已经成立了北京战略研究院，与一些国际著名研究机构建立联系；招商引资和海外推广；设定第五代新城的概念等。范汉熙认为，喀什特区开发要避免「把内地过剩的产能移植过来的传统援疆模式，那类高能耗、高污染、高排放的项目实质是隐患。我们提出有别内地发展的空中丝绸之路，发展优势旅游、航空业、流动经济等带动服务业的低碳经济」。</span></p><p>&nbsp;</p><p><span style="font-family:simsun">&nbsp;&nbsp;&nbsp;&nbsp;<strong>风貌像埃及但更发达</strong></span></p><p>&nbsp;</p><p><span style="font-family:simsun">&nbsp;&nbsp;&nbsp;&nbsp;喀什是维吾尔族的发源地，是对维族最有影响的地区，新疆要实现跨越式发展和长治久安的目标，范汉熙说：「安不安看喀什！喀什的地位犹如中国汉人的西安古都。」他认为，喀什特区的优势，一是政策，利用政策优势推动经济；二是文化。范汉熙去拜访马来西亚的旅游部长，马国的旅游部长就看好喀什的文化旅游。去年，范汉熙邀请了马来西亚的朋友到喀什，喀什的音乐、歌舞、人情风貌都令客人感到亲切。有一位第一次来喀什的穆斯林朋友说：「这儿像埃及，但比埃及发达！」</span></p><p><br /></p>', 5, 1, '2012年5月5日', '亚洲周刊', 'http://jishuoming.blog.ifeng.com/article/17655053.html', 0),
(70, '系列活动', '<p><br /></p>', 3, 1, '', '', '', 0),
(71, '往期活动', '<p><a href="http://www.chinakri.org/index.php?aq=content&amp;tid=76" target="_blank"><strong><span style="font-size:12px">喀什航旅助力喀什文化旅游产业发展&nbsp;“&nbsp;喀什的春天&nbsp;”&nbsp;摄影展在北京隆重举行</span></strong></a></p><p style="font-family:times;white-space:normal;font-size:medium" class="pa-0"><a href="http://www.chinakri.org/index.php?aq=content&amp;tid=76" target="_blank"><span style="font-family:宋体, simsun;color:#000000;font-size:12px" class="ca-0">2012年6月13日,由喀什市人民政府主办、&nbsp;喀什市旅游局承办、喀什航空旅游服务有限责任公司（以下简称：喀什航旅）和五彩传说（北京）文化艺术有限公司协办的“喀什的春天”摄影展在最具人气的&nbsp;北京王府井步行街隆重开幕。&nbsp;喀什地区行署副专员木太力甫·托合提,&nbsp;喀什市委副书记、市长买买提明·白克力,&nbsp;喀什市旅游局局长贾卫东，喀什发展投资控股有限责任公司总经理、喀什航旅董事长范汉熙,深圳企业家摄影协会代表以及新闻界的媒体朋友近百人出席了开幕仪式。英国前首相托尼•布莱尔也应邀出席了此次活动。更多详情...</span><strong><span style="font-family:宋体, simsun;color:#000000;font-size:12px" class="ca-0"><br /></span></strong></a></p><p style="font-family:times;white-space:normal;font-size:medium" class="pa-0"><strong><span style="font-family:宋体, simsun;color:#000000;font-size:12px" class="ca-0"><span class="Apple-style-span" style="color:#666666;font-family:arial, helvetica, sans-serif;font-size:17px"><a href="http://exmail.qq.com/cgi-bin/readmail?sid=1x5Es5mvQN0CwVoV,7&amp;mailid=ZL4018-C8JjXXc_2EWasCtk54peA26&amp;nocheckframe=true&amp;t=attachments&amp;select=1" target="_blank"><img src="http://www.chinakri.org/aqadmin/attachments/134/003/28/35.jpg" border="0" hspace="0" vspace="0" style="border-top-width:0px;border-right-width:0px;border-bottom-width:0px;border-left-width:0px;width:400px;height:263px;float:none;" width="400" height="263" /></a></span></span></strong></p><p style="font-family:times;white-space:normal;font-size:medium" class="pa-0"><strong><span style="font-family:宋体, simsun;color:#000000;font-size:12px" class="ca-0"><span style="font-family:宋体, simsun;color:#000000;font-size:12px"><a href="http://www.chinakri.org/index.php?aq=content&amp;tid=59" target="_blank">“空中新丝路”喀什论坛成功举行</a></span></span></strong></p><p style="font-family:times;white-space:normal;font-size:medium" class="pa-0"><a href="http://www.chinakri.org/index.php?aq=content&amp;tid=59" target="_blank"><span style="text-decoration:" class="Apple-style-span"><span style="font-family:宋体, simsun;color:#000000;font-size:12px" class="ca-1">2012年</span><span style="font-family:宋体, simsun;color:#000000;font-size:12px" class="ca-1">4月22日举办的“空中新丝路”喀什论坛上，与会领导与嘉宾们就喀什经济开发区的优惠政策、区位优势，以及旅游文化产业的发展等方面进行了广泛和深入的研讨，并达成了富有成效的共识。为进一步落实“空中丝绸之路”的建设，喀什市政府特别成立了喀什航空旅游服务有限责任公司，并在论坛现场举行了成立剪彩仪式。来自东南亚及香港地区投资机构成员、旅游行业人士一起见证了这一历史时刻。</span></span><span style="text-decoration:" class="Apple-style-span"><span style="font-family:宋体, simsun;color:#000000;font-size:12px;text-decoration:underline" class="ca-2">更多详情</span></span><span style="text-decoration:none" class="Apple-style-span">...</span></a></p><p style="font-family:times;white-space:normal;font-size:medium" class="pa-0"><a href="http://www.chinakri.org/index.php?aq=content&amp;tid=59" target="_blank"><img style="float:none" border="0" hspace="0" src="http://www.chinakri.org/aqadmin/attachments/133/774/74/76.jpg" /></a><br /></p><p><a href="http://www.chinakri.org/index.php?aq=content&amp;tid=58" target="_blank"><strong><span style="font-family:宋体, simsun;color:#000000;font-size:12px" class="ca-0"><span style="font-family:宋体, simsun;color:#000000;font-size:12px">香港至喀什直航首飞成功</span></span></strong></a></p><p style="font-family:times;white-space:normal;font-size:medium" class="pa-0"><a href="http://www.chinakri.org/index.php?aq=content&amp;tid=58" target="_blank"><span style="text-decoration:none" class="Apple-style-span"><span style="font-family:宋体, simsun;color:#000000;font-size:12px" class="ca-1">2012年4月21日</span><span style="font-family:宋体, simsun;color:#000000;font-size:12px" class="ca-1">19</span><span style="font-family:宋体, simsun;color:#000000;font-size:12px" class="ca-1">时左右，一架搭载</span><span style="font-family:宋体, simsun;color:#000000;font-size:12px" class="ca-1">110</span><span style="font-family:宋体, simsun;color:#000000;font-size:12px" class="ca-1">名旅客，由南方</span><span style="font-family:宋体, simsun;color:#000000;font-size:12px" class="ca-1">航空公司执飞的</span><span style="font-family:宋体, simsun;color:#000000;font-size:12px" class="ca-1">直航包机</span><span style="font-family:宋体, simsun;color:#000000;font-size:12px" class="ca-1">,</span><span style="font-family:宋体, simsun;color:#000000;font-size:12px" class="ca-1">历经</span><span style="font-family:宋体, simsun;color:#000000;font-size:12px" class="ca-1">6</span><span style="font-family:宋体, simsun;color:#000000;font-size:12px" class="ca-1">小时</span><span style="font-family:宋体, simsun;color:#000000;font-size:12px" class="ca-1">4</span><span style="font-family:宋体, simsun;color:#000000;font-size:12px" class="ca-1">5分钟的航程</span><span style="font-family:宋体, simsun;color:#000000;font-size:12px" class="ca-1">,</span><span style="font-family:宋体, simsun;color:#000000;font-size:12px" class="ca-1">成功抵达新疆喀什国际机场，标志着香港至喀什直航国际客运包机航线首飞圆满成功。为庆祝直航班机的到来，当晚在喀什国际机场特别举行了隆重的欢迎仪式。</span><span style="font-family:宋体, simsun;color:#000000;font-size:12px" class="ca-1">喀什地委领导、市委领导</span><span style="font-family:宋体, simsun;color:#000000;font-size:12px" class="ca-1">一行</span><span style="font-family:宋体, simsun;color:#000000;font-size:12px" class="ca-1">热情接见来自东南亚及香港地区投资商、驻港旅游行业人士以及香港媒体等首批贵宾旅客代表。</span></span><span style="text-decoration:" class="Apple-style-span"><span style="font-family:宋体, simsun;color:#000000;font-size:12px;text-decoration:underline" class="ca-2">更多详情</span></span><span style="text-decoration:none" class="Apple-style-span">...</span></a></p><p style="font-family:times;white-space:normal;font-size:medium" class="pa-0"><a href="http://www.chinakri.org/index.php?aq=content&amp;tid=58" target="_blank"><img style="float:none" border="0" hspace="0" src="http://www.chinakri.org/aqadmin/attachments/133/774/75/31.jpg" /></a><br /></p><p style="font-family:times;white-space:normal;font-size:medium" class="pa-0"><a href="http://www.chinakri.org/index.php?aq=content&amp;tid=56" target="_blank"><strong><span style="font-family:宋体, simsun;color:#000000;font-size:12px" class="ca-0">喀什市人民政府与中国南方航空股份有限公司签订战略合作协议</span></strong></a></p><p style="font-family:times;white-space:normal;font-size:medium" class="pa-0"><a href="http://www.chinakri.org/index.php?aq=content&amp;tid=56" target="_blank"><span style="line-height:19px" class="Apple-style-span"><span style="font-family:宋体, simsun;color:#000000;font-size:12px" class="ca-1">2012年3月23日，喀什市人民政府与中国南方航空股份有限公司战略合作签约在乌鲁木齐隆重举行。这预示着喀什市将根据国家发展战略和喀什市产业创新部署，进一步加大开放力度，加快实现“空中丝绸之路”的梦想。</span></span><span style="text-decoration:" class="Apple-style-span"><span style="font-family:宋体, simsun;color:#000000;font-size:12px;text-decoration:underline" class="ca-2">更多详情</span></span><span style="text-decoration:none" class="Apple-style-span">...</span></a></p><p style="text-indent:0px;font-family:times;white-space:normal;font-size:medium" class="pa-1"><a href="http://www.chinakri.org/index.php?aq=content&amp;tid=56" target="_blank"><img style="width:400px;float:none;height:235px" border="0" hspace="0" src="http://www.chinakri.org/aqadmin/attachments/133/774/75/66.jpeg" width="400" height="235" /></a><br /></p><p><a href="http://www.chinakri.org/index.php?aq=content&amp;tid=45" target="_blank"><strong><span style="font-family:times;font-size:medium" class="Apple-style-span"><span style="font-family:宋体, simsun;color:#000000;font-size:12px" class="Apple-style-span">中国古丝绸之路重镇-喀什向东南亚展现神奇魅力</span></span></strong></a></p><p><a href="http://www.chinakri.org/index.php?aq=content&amp;tid=45" target="_blank"><span style="font-family:times;font-size:medium" class="Apple-style-span"><span style="font-family:宋体, simsun;color:#000000;font-size:12px" class="ca-1">2012年</span><span style="font-family:宋体, simsun;color:#000000;font-size:12px" class="ca-1">2</span><span style="font-family:宋体, simsun;color:#000000;font-size:12px" class="ca-1">月</span><span style="font-family:宋体, simsun;color:#000000;font-size:12px" class="ca-1">10</span><span style="font-family:宋体, simsun;color:#000000;font-size:12px" class="ca-1">日</span><span style="font-family:宋体, simsun;color:#000000;font-size:12px" class="ca-1">至17日</span><span style="font-family:宋体, simsun;color:#000000;font-size:12px" class="ca-1">，</span><span style="font-family:宋体, simsun;color:#000000;font-size:12px" class="ca-1">喀什政府代表团东南亚之行，一路从马来西亚来到新加坡最后抵达香港</span><span style="font-family:宋体, simsun;color:#000000;font-size:12px" class="ca-1">。在马来西亚，</span><span style="font-family:宋体, simsun;color:#000000;font-size:12px" class="ca-3">喀什市委书记陈旭光与马六甲市市长赞</span><span style="font-family:宋体, simsun;color:#000000;font-size:12px" class="ca-3">那亚布共同签署了喀什与马六甲友好城市条约</span><span style="font-family:宋体, simsun;color:#000000;font-size:12px" class="ca-1">；在新加坡，</span><span style="font-family:宋体, simsun;color:#000000;font-size:12px" class="ca-1">喀什发展（</span><span style="font-family:宋体, simsun;color:#000000;font-size:12px" class="ca-3">KDI</span><span style="font-family:宋体, simsun;color:#000000;font-size:12px" class="ca-1">）与新加坡全国旅行社协会（</span><span style="font-family:宋体, simsun;color:#000000;font-size:12px" class="ca-3">NATAS)</span><span style="font-family:宋体, simsun;color:#000000;font-size:12px" class="ca-1">签署了战略合作协议</span><span style="font-family:宋体, simsun;color:#000000;font-size:12px" class="ca-1">，同时，</span><span style="font-family:宋体, simsun;color:#000000;font-size:12px" class="ca-1">喀什特区战略发展研究院与新加坡国立大学东亚研究所签署了战略合作协议。</span><span style="font-family:宋体, simsun;color:#000000;font-size:12px" class="ca-1">香港</span><span style="font-family:宋体, simsun;color:#000000;font-size:12px" class="ca-1">作为本次东南亚之行的最后一站，喀什市政府宣布了喀什市与香港特别行政区在国际商务及贸易、经济发展及旅游方面的合作关系。</span><span style="text-decoration:" class="Apple-style-span"><span style="font-family:宋体, simsun;color:#000000;font-size:12px;text-decoration:underline" class="ca-2">更多详情</span></span><span style="text-decoration:none" class="Apple-style-span">...</span></span></a></p><p style="font-family:times;white-space:normal" class="pa-0"><a href="http://www.chinakri.org/index.php?aq=content&amp;tid=45" target="_blank"><img style="float:none" border="0" hspace="0" src="http://www.chinakri.org/aqadmin/attachments/133/774/75/97.jpeg" /></a></p><p><a href="http://www.chinakri.org/index.php?aq=content&amp;tid=41" target="_blank"><strong><span style="font-family:宋体, simsun;color:#000000;font-size:12px" class="ca-0">助力国家西部开放战略，打造喀什西部明珠</span></strong></a></p><p style="font-family:times;white-space:normal;font-size:medium" class="pa-0"><a href="http://www.chinakri.org/index.php?aq=content&amp;tid=41" target="_blank"><span style="line-height:19px" class="Apple-style-span"><span style="font-family:宋体, simsun;color:#000000;font-size:12px" class="ca-0">“喀什特区战略发展研究院”成立</span><span style="font-family:宋体, simsun;color:#000000;font-size:12px" class="ca-1">2011年12月15日</span><span style="font-family:宋体, simsun;color:#000000;font-size:12px" class="ca-1">，</span><span style="font-family:宋体, simsun;color:#000000;font-size:12px" class="ca-1">在新疆喀什市政府的主导下，“喀什特区战略发展研究院”今天在北京正式成立。该研究院将汇聚国内外各领域的精英，为国家西部开放战略提供参考，并作为智囊为喀什特殊经济开发区的长期、健康、创新、可持续发展出谋划策。</span><span style="font-family:宋体, simsun;color:#000000;font-size:12px" class="ca-2"><span style="text-decoration:" class="Apple-style-span"><span style="font-family:宋体, simsun;color:#000000;font-size:12px;text-decoration:underline" class="ca-2"><span style="text-decoration:" class="Apple-style-span"><span style="font-family:宋体, simsun;color:#000000;font-size:12px;text-decoration:underline" class="ca-2">更多详情</span></span></span></span></span></span><span style="line-height:19px;text-decoration:" class="Apple-style-span"><strong><span style="font-family:宋体, simsun;color:#000000;font-size:12px" class="ca-2"><span style="text-decoration:" class="Apple-style-span"><span style="font-family:宋体, simsun;color:#000000;font-size:12px" class="ca-2"><span style="text-decoration:none" class="Apple-style-span">...</span></span></span></span></strong></span></a></p><p><a href="http://www.chinakri.org/index.php?aq=content&amp;tid=41" target="_blank"><span style="font-family:times;font-size:medium" class="Apple-style-span"><img style="float:none" border="0" hspace="0" src="http://www.chinakri.org/aqadmin/attachments/133/774/76/18.jpeg" /></span></a><span style="font-family:times;font-size:medium" class="Apple-style-span"><br /></span></p><p style="font-family:times;white-space:normal" class="pa-0"><a href="http://www.chinakri.org/index.php?aq=content&amp;tid=35" target="_blank"><strong><span style="font-family:宋体, simsun;color:#000000;font-size:12px" class="ca-5">气候组织“城市低碳行”-----</span><span style="font-family:宋体, simsun;color:#000000;font-size:12px" class="ca-5">喀什站活动圆满</span><span style="font-family:宋体, simsun;color:#000000;font-size:12px" class="ca-5">成功</span></strong></a></p><p style="font-family:times;white-space:normal;font-size:medium" class="pa-0"><a href="http://www.chinakri.org/index.php?aq=content&amp;tid=35" target="_blank"><span style="line-height:19px" class="Apple-style-span"><span style="font-family:宋体, simsun;color:#000000;font-size:12px" class="ca-6">2011年</span><span style="font-family:宋体, simsun;color:#000000;font-size:12px" class="ca-6">11月&nbsp;16日-18日，为期三天的气候组织“城市低碳行”喀什站活动</span><span style="font-family:宋体, simsun;color:#000000;font-size:12px" class="ca-6">取得</span><span style="font-family:宋体, simsun;color:#000000;font-size:12px" class="ca-6">圆满</span><span style="font-family:宋体, simsun;color:#000000;font-size:12px" class="ca-6">成功</span><span style="font-family:宋体, simsun;color:#000000;font-size:12px" class="ca-6">，主办方携手众多国内外政经产学研领域的知名专家学者、知名媒体记者，走进喀什，共同探讨喀什低碳实践、可持续发展等问题，帮助喀什寻求科学跨越、后发赶超、绿色崛起的最佳路径。</span><span style="font-family:宋体, simsun;color:#000000;font-size:12px;text-decoration:underline" class="ca-2"><span style="text-decoration:" class="Apple-style-span"><span style="font-family:宋体, simsun;color:#000000;font-size:12px;text-decoration:underline" class="ca-2">更多详情</span></span></span></span><span style="line-height:19px;text-decoration:" class="Apple-style-span"><span style="font-family:宋体, simsun;color:#000000;font-size:12px" class="ca-2"><span style="text-decoration:none" class="Apple-style-span">...</span></span></span></a></p><p style="font-family:times;white-space:normal" class="pa-0"><a href="http://www.chinakri.org/index.php?aq=content&amp;tid=35" target="_blank"><img style="float:none" border="0" hspace="0" src="http://www.chinakri.org/aqadmin/attachments/133/774/76/35.jpg" /></a><br /></p><p style="font-family:times;white-space:normal;font-size:medium" class="pa-0"><a href="http://www.chinakri.org/index.php?aq=content&amp;tid=12" target="_blank"><strong><span style="font-family:宋体, simsun;color:#000000;font-size:12px" class="ca-0">喀什发展投资控股有限责任公司成立隆重揭幕</span></strong></a></p><p style="font-family:times;white-space:normal;font-size:medium" class="pa-0"><a href="http://www.chinakri.org/index.php?aq=content&amp;tid=12" target="_blank"><span style="line-height:19px" class="Apple-style-span"><span style="font-family:宋体, simsun;color:#000000;font-size:12px" class="ca-6">2011年</span><span style="font-family:宋体, simsun;color:#000000;font-size:12px" class="ca-6">8月11日，在喀什国际会展中心隆重举行喀什发展投资控股有限责任公司揭幕仪式。自治区副主席史大刚出席仪式并讲话，喀什地市两级主要领导、中信集团相关机构领导、中外投资方和媒体代表、喀什市相关领导参加了成立揭牌仪式。</span><span style="font-family:宋体, simsun;color:#000000;font-size:12px;text-decoration:underline" class="ca-2"><span style="text-decoration:" class="Apple-style-span"><span style="font-family:宋体, simsun;color:#000000;font-size:12px;text-decoration:underline" class="ca-2">更多详情</span></span></span></span><span style="line-height:19px;text-decoration:" class="Apple-style-span"><span style="font-family:宋体, simsun;color:#000000;font-size:12px" class="ca-2"><span style="text-decoration:none" class="Apple-style-span">...</span></span></span></a></p><p style="font-family:times;white-space:normal;font-size:medium" class="pa-0"><a href="http://www.chinakri.org/index.php?aq=content&amp;tid=12" target="_blank"><span style="font-size:16px" class="Apple-style-span"><img style="float:none" border="0" hspace="0" src="http://www.chinakri.org/aqadmin/attachments/133/774/76/97.jpg" /></span></a></p><p><br /></p>', 3, 2, '', '', '', 0),
(73, 'ABOUT US', '<p><span class="Apple-style-span" style="white-space:normal;"><p style="margin:5px 0px;"><img src="http://www.chinakri.org/aqadmin/attachments/133/429/96/64.jpg" width="286" height="191" border="0" hspace="0" vspace="0" style="width:286px;height:191px;float:none;" /></p><p style="margin:5px 0px;"><img src="http://www.chinakri.org/aqadmin/attachments/133/429/96/65.jpg" width="286" height="191" border="0" hspace="0" vspace="0" style="width:286px;height:191px;float:none;" /></p></span><br /></p>', 2, 1, '', '', '', 0),
(74, 'SAMPLE3', '<p><span class="Apple-style-span" style="white-space:normal;"><p style="margin:5px 0px;"><img src="http://www.chinakri.org/aqadmin/attachments/133/500/07/13.jpg" border="0" hspace="0" vspace="0" style="float:none;" /><br /></p><p style="text-align:left;margin:5px 0px;"><a href="http://www.chinakri.org/download/s3.pdf" target="_blank" title="点击下载" style="font-size:12px;text-decoration:underline;"><span style="font-size:12px">点击下载</span></a></p></span><br /></p>', 1, 1, '', '', '', 0),
(78, '英国前首相布莱尔出席“喀什的春天”摄影展', '<p><embed type="application/x-shockwave-flash" class="edui-faked-video" pluginspage="http://www.macromedia.com/go/getflashplayer" src="http://v.ifeng.com/include/exterior.swf?AutoPlay=false&amp;guid=51a6d0bf-18b5-4a31-87e6-b5a791fda994" width="420" height="280" align="none" wmode="transparent" play="true" loop="false" menu="false" allowscriptaccess="never" allowfullscreen="true" /></p><p><br /></p>', 5, 1, '2012年6月13日', '凤凰卫视', '', 0),
(79, '司马义·铁力瓦尔地会见喀什儿艺小演员', '<p style="text-indent:2em;"><span style="font-size:12px;">新疆日报讯（记者陈丰报道）6月13日，全国人大常委会副委员长司马义·铁力瓦尔地在新疆驻京办亲切会见了五彩喀什噶尔儿童艺术团的小演员们，祝贺他们在第四届全国少数民族文艺会演开幕式上演出成功。</span></p><p style="text-indent:2em;"><span style="font-size:12px;">6月12日晚，第四届全国少数民族文艺会演开幕式在北京隆重举行。来自喀什地区的五彩喀什噶尔儿童艺术团的小演员们，作为新疆的惟一代表参加了开幕式的演出。他们载歌载舞，用双语表演了精彩的民族歌舞，博得热烈掌声。</span></p><p style="text-indent:2em;"><span style="font-size:12px;">司马义·铁力瓦尔地说，作为新疆各族少年儿童的代表，你们在第四届全国少数民族文艺会演开幕式上精彩的民族歌舞表演，生动地展现了新疆各族群众欢庆丰收的喜悦情景，既展示了新疆民族歌舞艺术的魅力，又展示了新疆各民族团结和谐的美好局面，演出受到了热烈欢迎，可喜可贺。目前新疆正处于大开发大建设大发展时期，喀什作为经济开发区也迎来了难得的历史发展机遇，前景无限美好。你们是祖国的未来，希望你们今后不仅用歌舞的形式弘扬新疆优秀文化，更要努力学习各种文化知识，为新疆跨越式发展和长治久安作出自己的贡献。</span></p><p style="text-indent:2em;"><span style="font-size:12px;">随后，司马义·铁力瓦尔地与小演员们合影留念，并向他们赠送了学习用品。</span></p><p style="text-indent:2em;"><span style="font-size:12px;">自治区副主席贾帕尔·阿比布拉参加会见。</span></p><p style="text-indent:2em;"><span style="font-size:12px;">五彩喀什噶尔儿童艺术团成立于2007年，由维吾尔族、塔吉克族、柯尔克孜族、乌孜别克族等多民族儿童组成。艺术团成立以来，多次赴北京、香港等地演出。</span></p><p><br /></p>', 5, 1, '2012年6月13日', '天山网', 'http://www.tianshannet.com.cn/news/content/2012-06/14/content_6929955.htm', 0);
INSERT INTO `topic` (`tid`, `title`, `content`, `cid`, `lr`, `shijian`, `laiyuan`, `lianjie`, `status`) VALUES
(76, '喀什航旅助力喀什文化旅游产业发展              “喀什的春天”摄影展在北京隆重举行', '<p style="text-indent:2em;"><span style="font-size:12px;">(2012年6月13日，北京)&nbsp;今天,由喀什市人民政府主办、喀什市旅游局承办、喀什航空旅游服务有限责任公司（以下简称：喀什航旅）和五彩传说（北京）文化艺术有限公司协办的“喀什的春天”摄影展在最具人气的北京王府井步行街隆重开幕。喀什地区行署副专员木太力甫·托合提,喀什市委副书记、市长买买提明·白克力,喀什市旅游局局长贾卫东，喀什发展投资控股有限责任公司总经理、喀什航旅董事长范汉熙,深圳企业家摄影协会代表以及新闻界的媒体朋友近百人出席了开幕仪式。英国前首相托尼•布莱尔也应邀出席了此次活动。</span></p><p style="text-indent:2em;"><img src="http://www.chinakri.org/aqadmin/attachments/134/003/28/35.jpg" style="float:none;" border="0" hspace="0" vspace="0" /><br /></p><p style="text-indent:2em;"><span style="font-size:12px;">“喀什的春天”摄影展是喀什航旅成立以来，继今年4月实现香港-喀什直航首飞之后，推动喀什文化旅游发展的又一重要举措。本次“喀什的春天”摄影展以和谐共生、城乡建设、茁壮成长、民族民俗、名胜美景、巴扎百景、塔县风情、五彩传说为主题，展示了来自12位中外知名摄影家在新疆喀什地区多角度拍摄的千余张摄影作品。通过摄影家独到的视角和每一个抓拍的精彩瞬间，不仅展现喀什浓郁的民族风情、欣欣向荣的城市风貌、奇特的自然风光和历史悠久的人文景观。据悉，摄影展将一直持续到6月20日。</span></p><p style="text-indent:2em;"><img src="http://www.chinakri.org/aqadmin/attachments/134/003/29/04.jpg" style="float:none;" border="0" hspace="0" vspace="0" /><br /></p><p style="text-indent:2em;"><span style="font-size:12px;">喀什市委副书记、市长买买提明·白克力表示：“喀什是我国最西部的城市，拥有五口通八国的独特区位优势，作为新疆第一个国家级历史文化名城，最具发展潜力的旅游城市，喀什所拥有的丰富旅游资源和多元化的民族特色吸引着来自海内外旅游者的目光。我们将通过更多具有地域特色和民族特点的旅游项目开发，推动喀什旅游文化发展，并将喀什打造成为具有浓郁民族特色的现代化城市和最具国际化的旅游目的地。”</span></p><p style="text-indent:2em;"><img src="http://www.chinakri.org/aqadmin/attachments/134/003/29/24.jpg" style="float:none;" border="0" hspace="0" vspace="0" /><br /></p><p style="text-indent:2em;"><span style="font-size:12px;">自2010年，中央新疆工作座谈会确定设立喀什为特殊经济开发区以来，喀什市政府肩负使命，积极响应国务院大力发展喀什经济开发区的号召。在喀什跨越式发展,大力推动文化旅游产业的大背景下，由喀什市政府出资于2012年4月26日成立了喀什航空旅游服务有限责任公司。作为未来喀什地区最具领导地位的航空及文化旅游服务商，喀什航旅旨在发挥喀什区位优势，深度整合喀什及疆内旅游资源，努力将喀什地区未来的文化旅游发展更具商业化、市场化、规模化。继4月开通香港至喀什直航航线，举办“喀什的春天”摄影展之后，喀什航旅计划在今年内开通喀什至迪拜的直航航线。</span></p><p style="text-indent:2em;"><span style="font-size:12px;">喀什航空旅游服务有限责任公司（简称:喀什航旅）于2012年4月26日成立，为【喀什发展投资控股有限责任公司】的全资子公司。喀什航旅旨在发挥喀什五口通八国之地域优势，借力喀什打造经济开发区之政策优势，挖掘喀什作为新疆唯一的文化历史名城的内涵之美，深度整合喀什及疆内旅游资源，研发生态旅游及文化旅游产品，力争打造成为喀什地区高端入境及国内旅游的推广及接待方、最具规模的出境旅游批发商、最具综合实力的会展活动策划及服务商，及最专业的景区开发管理运营商。</span></p><p><br /></p><p style="text-indent:2em;"><span style="font-size:12px;">网站:&nbsp;&nbsp;http://discoverkashgar.com/</span></p><p style="text-indent:2em;"><span style="font-size:12px;">新浪微博:&nbsp;喀什航旅&nbsp;(http://weibo.com/kats0998)</span></p><p><br /></p><p><br /></p>', 5, 1, '2012年6月18日', '', '', 0),
(80, '“喀什的春天”摄影展走进王府井', '<p style="margin:0.0px 0.0px 0.0px 0.0px;font:12.0px helvetica"><br /></p><p style="text-indent:2em;"><span style="font-size:12px;">海外网北京6月13日电（记者叶晓楠)“喀什的春天”摄影展今天在北京王府井步行街开幕，自今日至6月20日，来到北京王府井的市民和游客，均能通过12位中外知名摄影家在新疆喀什地区多角度拍摄的摄影作品，了解当地浓郁的民族风情、欣欣向荣的城市风貌、奇特的自然风光和历史悠久的人文景观。</span></p><p style="text-indent:2em;"><span style="font-size:12px;">摄影展由喀什市人民政府主办、喀什市旅游局承办、喀什航空旅游服务有限责任公司和五彩传说（北京）文化艺术有限公司协办。喀什地区行署副专员木太力甫·托合提，喀什市委副书记、市长买买提明·白克力，喀什市旅游局局长贾卫东，喀什发展投资控股有限责任公司总经理、喀什航旅董事长范汉熙，深圳企业家摄影协会代表近百人出席了开幕仪式。</span></p><p style="text-indent:2em;"><span style="font-size:12px;">喀什市委副书记、市长买买提明·白克力表示：“喀什是我国最西部的城市，拥有五口通八国的独特区位优势，作为新疆第一个国家级历史文化名城，最具发展潜力的旅游城市，喀什所拥有的丰富旅游资源和多元化的民族特色吸引着来自海内外旅游者的目光。我们将通过更多具有地域特色和民族特点的旅游项目开发，推动喀什旅游文化发展，并将喀什打造成为具有浓郁民族特色的现代化城市和最具国际化的旅游目的地。”</span></p><p><br /></p>', 5, 1, '2012年6月13日', '人民网', 'http://haiwai.people.com.cn/n/2012/0613/c338028-17141890-2-1.html', 0),
(86, '喀什风光摄影展在京举办 号召公众关注西部发展', '<p style="text-indent:2em;"><span style="font-size:12px;">6月13日，由喀什市人民政府主办、喀什市旅游局承办、喀什航空旅游服务有限责任公司和五彩传说(北京)文化艺术有限公司协办的“喀什的春天”摄影展在最具人气的北京王府井步行街隆重开幕。喀什地区行署副专员木太力甫•托合提，喀什市委副书记、市长买买提明•白克力，喀什市旅游局局长贾卫东，喀什发展投资控股有限责任公司总经理、喀什航旅董事长范汉熙，深圳企业家摄影协会代表以及新闻界的媒体朋友近百人出席了开幕仪式。英国前首相托尼•布莱尔也应邀出席了此次活动。</span></p><p style="text-indent:2em;"><span style="font-size:12px;">“喀什的春天”摄影展是喀什航旅成立以来，继今年4月实现香港-喀什直航首飞之后，推动喀什文化旅游发展的又一重要举措。本次“喀什的春天”摄影展以和谐共生、城乡建设、茁壮成长、民族民俗、名胜美景、巴扎百景、塔县风情、五彩传说为主题，展示了来自12位中外知名摄影家在新疆喀什地区多角度拍摄的千余张摄影作品。通过摄影家独到的视角和每一个抓拍的精彩瞬间，不仅展现喀什浓郁的民族风情、欣欣向荣的城市风貌、奇特的自然风光和历史悠久的人文景观。据悉，摄影展将一直持续到6月20日。</span></p><p style="text-indent:2em;"><span style="font-size:12px;">喀什市委副书记、市长买买提明•白克力表示：“喀什是我国最西部的城市，拥有五口通八国的独特区位优势，作为新疆第一个国家级历史文化名城，最具发展潜力的旅游城市，喀什所拥有的丰富旅游资源和多元化的民族特色吸引着来自海内外旅游者的目光。我们将通过更多具有地域特色和民族特点的旅游项目开发，推动喀什旅游文化发展，并将喀什打造成为具有浓郁民族特色的现代化城市和最具国际化的旅游目的地。”</span></p><p style="text-indent:2em;"><span style="font-size:12px;">自2010年，中央新疆工作座谈会确定设立喀什为特殊经济开发区以来，喀什市政府肩负使命，积极响应国务院大力发展喀什经济开发区的号召。在喀什跨越式发展，大力推动文化旅游产业的大背景下，由喀什市政府出资于2012年4月26日成立了喀什航空旅游服务有限责任公司。作为未来喀什地区最具领导地位的航空及文化旅游服务商，喀什航旅旨在发挥喀什区位优势，深度整合喀什及疆内旅游资源，努力将喀什地区未来的文化旅游发展更具商业化、市场化、规模化。继4月开通香港至喀什直航航线，举办“喀什的春天”摄影展之后，喀什航旅计划在今年内开通喀什至迪拜的直航航线。</span></p><p><br /></p>', 5, 1, '2012年6月13日', '新浪公益', 'http://gongyi.sina.com.cn/gyzx/2012-06-13/144135095.html', 0),
(85, '“喀什的春天”摄影展亮相王府井', '<p style="text-indent:2em;"><span style="font-size:12px;">&nbsp;昨（13日）日，“喀什的春天”摄影展在王府井步行街开幕，千余张摄影作品让观众亲身领略了喀什的自然美景与民族风情。</span></p><p style="text-indent:2em;"><span style="text-indent:2em;font-size:12px;">长长的王府井步行街两侧，引人驻足的不再是各大品牌的时尚橱窗，而是陈列的一幅幅民族风味十足的绚丽照片——蔚蓝纯净的天空万里无云，庄严古朴的石头城犹如圣灵低语，热闹激烈的塔吉克牧民马球赛踏起尘土，头戴粉色羽毛的维族姑娘冲着你微笑。在这里，可以看到老城里的世代纺织人家、绣花人家、土陶作坊和铁匠人家的日常生活，塔吉克牧民驰骋草原、数马并驱展开的叼羊大赛，在集市聚集的毛驴车，还可以看到大眼睛、长睫毛的维族小朋友。</span></p><p style="text-indent:2em;"><span style="text-indent:2em;font-size:12px;">在这场名为“喀什的春天”摄影展上，一幕幕展现喀什浓郁的民族风情、欣欣向荣的城市风貌、奇特的自然风光和历史悠久的人文景观的精彩瞬间，分别以和谐共生、城乡建设、茁壮成长、民族民俗、名胜美景、巴扎百景、塔县风情、五彩传说为主题呈现在观众面前。此展是继今年4月香港——喀什实现直航首飞之后，喀什人民政府推动喀什文化旅游发展的又一重要举措。据悉，展览将一直持续至本月20日。（记者&nbsp;陈涛&nbsp;实习生&nbsp;孔德婧）</span></p>', 5, 1, '2012年6月14日', '新华网', 'http://www.bj.xinhuanet.com/bjpd_sdzx/2012-06/14/content_25390915.htm', 0),
(87, '第四届全国少数民族文艺会演在京开幕 胡锦涛温家宝贾庆林李长春出席观看开幕式文艺晚会', '<p><embed id="v_player_cctv" width="640" height="480" flashvars="videoId=20120613114267&amp;filePath=/flvxml/2009/06/13/&amp;isAutoPlay=true&amp;url=http://news.cntv.cn/program/xwlb/20120613/114267.shtml&amp;tai=news&amp;configPath=http://news.cntv.cn/player/config.xml&amp;widgetsConfig=http://js.player.cntv.cn/xml/widgetsConfig/news.xml&amp;languageConfig=&amp;hour24DataURL=&amp;outsideChannelId=channelBugu&amp;videoCenterId=3fec058b29fb41b09a509e6c5a70ef80" allowscriptaccess="always" allowfullscreen="true" menu="false" quality="best" bgcolor="#000000" name="v_player_cctv" src="http://player.cntv.cn/standard/cntvOutSidePlayer.swf?v=0.171.5.8.9.3" type="application/x-shockwave-flash" lk_mediaid="lk_juiceapp_mediaPopup_1257416656250" lk_media="yes" /></p>', 5, 1, '2012年6月13日', '中央电视台', 'http://news.cntv.cn/program/xwlb/20120613/114267.shtml', 0),
(82, '英国前首相逛金街赏“喀什的春天”摄影展', '<p style="word-break:break-all;text-indent:2em;text-align:center;padding:0px;margin:0px 0px 6px;"><img src="http://www.chinakri.org/aqadmin/attachments/134/061/02/90.jpg" style="float:none;" border="0" hspace="0" vspace="0" /></p><p style="word-break:break-all;text-indent:2em;text-align:center;padding:0px;margin:0px 0px 6px;"><span style="font-family:宋体, simsun;font-size:12px;text-indent:2em;">英国前首相托尼•布莱尔来到王府井步行街，欣赏“喀什的春天”&nbsp;摄影展</span></p><p style="word-break:break-all;text-indent:2em;text-align:center;padding:0px;margin:0px 0px 6px;"><img src="http://www.chinakri.org/aqadmin/attachments/134/061/03/13.jpg" style="float:none;" border="0" hspace="0" vspace="0" /><br /></p><p style="word-break:break-all;text-indent:2em;text-align:center;padding:0px;margin:0px 0px 6px;"><span style="font-family:宋体, simsun;font-size:12px;">喀什地区行署副专员木太力甫·托合提,喀什市委副书记、市长买买提明·白克力亲自介绍巴扎百景、塔县风情、五彩传说</span></p><p style="word-break:break-all;text-indent:2em;text-align:center;padding:0px;margin:0px 0px 6px;"><img src="http://www.chinakri.org/aqadmin/attachments/134/061/03/35.jpg" style="float:none;" border="0" hspace="0" vspace="0" /><br /></p><p style="word-break:break-all;text-indent:2em;text-align:center;padding:0px;margin:0px 0px 6px;"><span style="font-family:宋体, simsun;font-size:12px;">英国前首相托尼•布莱尔来到王府井步行街，欣赏“喀什的春天”&nbsp;摄影展</span></p><p style="word-break:break-all;text-indent:2em;text-align:center;padding:0px;margin:0px 0px 6px;"><img src="http://www.chinakri.org/aqadmin/attachments/134/061/03/50.jpg" style="float:none;" border="0" hspace="0" vspace="0" /><br /></p><p style="word-break:break-all;text-indent:2em;text-align:center;padding:0px;margin:0px 0px 6px;"><span style="font-family:宋体, simsun;font-size:12px;">英国前首相托尼•布莱尔来到王府井步行街，欣赏“喀什的春天”&nbsp;摄影展</span></p><p style="word-break:break-all;text-indent:2em;text-align:center;padding:0px;margin:0px 0px 6px;"><img src="http://www.chinakri.org/aqadmin/attachments/134/061/03/66.jpg" style="float:none;" border="0" hspace="0" vspace="0" /><br /></p><p style="word-break:break-all;text-indent:2em;text-align:center;padding:0px;margin:0px 0px 6px;"><span style="font-family:宋体, simsun;font-size:12px;">英国前首相托尼•布莱尔来到王府井步行街，欣赏“喀什的春天”&nbsp;摄影展，并与小朋友以及相关负责人合影留念</span></p><p style="word-break:break-all;text-indent:2em;text-align:center;padding:0px;margin:0px 0px 6px;"><img src="http://www.chinakri.org/aqadmin/attachments/134/061/03/81.jpg" style="float:none;" border="0" hspace="0" vspace="0" /><br /></p><p style="word-break:break-all;text-indent:2em;text-align:center;padding:0px;margin:0px 0px 6px;"><span style="font-family:宋体, simsun;font-size:12px;">英国前首相托尼•布莱尔来到王府井步行街，欣赏“喀什的春天”&nbsp;摄影展</span></p><p style="word-break:break-all;padding:0px;margin:0px 0px 6px;text-indent:2em;"><span style="font-family:宋体, simsun;font-size:12px;">2012年6月13日，英国前首相托尼•布莱尔来到王府井步行街，欣赏“喀什的春天”&nbsp;摄影展，喀什地区行署副专员木太力甫·托合提,喀什市委副书记、市长买买提明·白克力亲自介绍巴扎百景、塔县风情、五彩传说。喀什是我国最西部的城市，拥有丰富旅游资源和多元化的民族特色吸引着来自海内外旅游者的目光。自中央新疆工作座谈会确定设立喀什为特殊经济开发区以来，喀什市政府出资成立了喀什航空旅游服务有限责任公司。继4月开通香港至喀什直航航线，喀什航旅计划在今年内开通喀什至迪拜的直航航线。</span></p><p><br /></p><p></p>', 5, 1, '2012年6月14日', '北京晚报', 'http://www.takefoto.cn/viewnews-19319', 0),
(83, '"喀什的春天"摄影展在京开幕 英前首相布莱尔出席剪彩', '<h1 id="ctitle" class="ctitle" style="font-family:黑体, simsun;font-size:20px;font-weight:normal;color:#00529b;margin:20px 35px 0px 20px;padding:0px;line-height:25px;white-space:normal;background-color:#ffffff;"><img src="http://www.chinakri.org/aqadmin/attachments/134/061/07/32.jpg" style="float:none;" border="0" hspace="0" vspace="0" /><br /></h1><p style="text-indent:2em;"><span style="color:#434b4c;font-family:宋体, simsun, sans-serif;background-color:#ffffff;font-size:12px">喀什市市长买买提明·白克力，英国前首相托尼·布莱尔等到场嘉宾为摄影展开幕剪彩</span><br /></p><p style="text-indent:2em;"><span style="color:#434b4c;font-family:宋体, simsun, sans-serif;background-color:#ffffff;font-size:12px"><img src="http://www.chinakri.org/aqadmin/attachments/134/061/07/89.jpg" style="float:none;" border="0" hspace="0" vspace="0" /><br /></span></p><p style="text-indent:2em;"><span style="color:#434b4c;font-family:宋体, simsun, sans-serif;background-color:#ffffff;font-size:12px"><span style="color:#434b4c;font-family:宋体, simsun, sans-serif;background-color:#ffffff;font-size:12px">英国前首相托尼·布莱尔来到摄影展现场</span><br /></span></p><p style="text-indent:2em;"><span style="color:#434b4c;font-family:宋体, simsun, sans-serif;background-color:#ffffff;font-size:12px"><span style="color:#434b4c;font-family:宋体, simsun, sans-serif;background-color:#ffffff;font-size:12px"><img src="http://www.chinakri.org/aqadmin/attachments/134/061/08/21.jpg" style="float:none;" border="0" hspace="0" vspace="0" /><br /></span></span></p><p style="text-indent:2em;"><span style="color:#434b4c;font-family:宋体, simsun, sans-serif;background-color:#ffffff;font-size:12px"><span style="color:#434b4c;font-family:宋体, simsun, sans-serif;background-color:#ffffff;font-size:12px"><span style="color:#434b4c;font-family:宋体, simsun, sans-serif;background-color:#ffffff;font-size:12px">开幕仪式上，新疆的小朋友们给大家带来精彩的表演</span></span></span></p><p style="text-indent:2em;"><span style="font-size:12px;background-color:#FFFFFF;color:#434B4C;font-family:宋体, simsun, sans-serif;line-height:30px;text-indent:2em;">国际在线报道（记者&nbsp;苗慧）：由新疆维吾尔自治区喀什市人民政府主办、喀什市旅游局承办的“喀什的春天”摄影展13日在北京王府井步行街隆重开幕。</span></p><p style="color:#434b4c;font-family:宋体, simsun, sans-serif;font-size:14px;line-height:30px;white-space:normal;background-color:#ffffff;text-indent:2em;"><span style="font-size:12px">国前首相托尼·布莱尔应邀出席此次活动，与喀什地区行署副专员木太力甫·托合提、喀什市市长买买提明·白克力等一同为摄影展开幕剪彩。</span></p><p style="color:#434b4c;font-family:宋体, simsun, sans-serif;font-size:14px;line-height:30px;white-space:normal;background-color:#ffffff;text-indent:2em;"><span style="font-size:12px">喀什市市长买买提明·白克力说，喀什是中国最西部的城市，作为新疆第一个国家级历史文化名城，最具发展潜力的旅游城市，喀什所拥有的丰富旅游资源和多元化的民族特色吸引着来自海内外旅游者的目光。他表示将通过更多具有地域特色和民族特点的旅游项目开发，推动喀什旅游文化发展，将喀什打造成为具有浓郁民族特色的现代化城市和最具国际化的旅游目的地。</span></p><p style="color:#434b4c;font-family:宋体, simsun, sans-serif;font-size:14px;line-height:30px;white-space:normal;background-color:#ffffff;text-indent:2em;"><span style="font-size:12px">本次“喀什的春天”摄影展以和谐共生、城乡建设、茁壮成长、民族民俗、名胜美景、巴扎百景、塔县风情、五彩传说为主题，展示了来自12位中外知名摄影家在新疆喀什地区多角度拍摄的千余张摄影作品。通过摄影家独到的视角和每一个抓拍的精彩瞬间，不仅展现喀什浓郁的民族风情、欣欣向荣的城市风貌、奇特的自然风光和历史悠久的人文景观。据悉，摄影展将一直持续到6月20日。</span></p><p style="color:#434b4c;font-family:宋体, simsun, sans-serif;font-size:14px;line-height:30px;white-space:normal;background-color:#ffffff;text-indent:2em;"><span style="font-size:12px">今年2月，新疆维吾尔自治区喀什市政府与英国前首相托尼·布莱尔旗下的投资咨询机构签署了战略合作协议，意在促进喀什吸引更多的国际资本、海外技术，增强跨境合作。</span></p><p style="text-indent:2em;"><span style="color:#434b4c;font-family:宋体, simsun, sans-serif;background-color:#ffffff;font-size:12px"><span style="color:#434b4c;font-family:宋体, simsun, sans-serif;background-color:#ffffff;font-size:12px"><span style="color:#434b4c;font-family:宋体, simsun, sans-serif;background-color:#ffffff;font-size:12px"><br /></span></span></span></p>', 5, 1, '2012年6月13日', '国际在线', 'http://gb.cri.cn/27824/2012/06/13/5311s3727055.htm', 0),
(88, 'php代码测试', '<p><br /></p><p><img src=\\"http://aqsmoke.cn/aqadmin/attachments/134/216/55/16.png\\" style=\\"float:none;\\" border=\\"0\\" hspace=\\"0\\" vspace=\\"0\\" /><br /></p><p><img src=\\"ueditor/dialogs/emotion/images/jx2/j_0002.gif\\" border=\\"0\\" hspace=\\"0\\" vspace=\\"0\\" /><br /></p><p><br /></p><p><img width=\\"519\\" height=\\"339\\" src=\\"http://api.map.baidu.com/staticimage?center=116.404,39.915&amp;zoom=10&amp;width=519&amp;height=339&amp;markers=116.404,39.915\\" /><br /></p>', 2, 1, '2012年4月2日', '新浪网', 'http://blog.aqsmoke.com/boyuan/index.php?aq=list&cid=2&islist=0', 0);
